[debug] [2026-08-23T11:10:47.313Z] ----------------------------------------------------------------------
[debug] [2026-08-23T11:10:47.315Z] Command:       C:\Program Files\nodejs\node.exe E:\앱\Bell-operation\node_modules\firebase-tools\lib\bin\firebase.js deploy --only hosting --project bell-operation
[debug] [2026-08-23T11:10:47.315Z] CLI Version:   15.22.0
[debug] [2026-08-23T11:10:47.315Z] Platform:      win32
[debug] [2026-08-23T11:10:47.315Z] Node Version:  v24.14.0
[debug] [2026-08-23T11:10:47.315Z] Detected Agent: antigravity
[debug] [2026-08-23T11:10:47.315Z] Time:          Sun Aug 23 2026 20:10:47 GMT+0900 (한국 표준시)
[debug] [2026-08-23T11:10:47.315Z] ----------------------------------------------------------------------
[debug] 
[debug] [2026-08-23T11:10:48.088Z] > command requires scopes: ["email","openid","https://www.googleapis.com/auth/cloudplatformprojects.readonly","https://www.googleapis.com/auth/firebase","https://www.googleapis.com/auth/cloud-platform"]
[debug] [2026-08-23T11:10:48.088Z] > authorizing via signed-in user (tjkim448532@gmail.com)
[debug] [2026-08-23T11:10:48.088Z] [iam] checking project bell-operation for permissions ["firebase.projects.get","firebasehosting.sites.update"]
[debug] [2026-08-23T11:10:48.089Z] Checked if tokens are valid: true, expires at: 1787486565315
[debug] [2026-08-23T11:10:48.089Z] Checked if tokens are valid: true, expires at: 1787486565315
[debug] [2026-08-23T11:10:48.090Z] >>> [apiv2][query] POST https://cloudresourcemanager.googleapis.com/v1/projects/bell-operation:testIamPermissions [none]
[debug] [2026-08-23T11:10:48.090Z] >>> [apiv2][(partial)header] POST https://cloudresourcemanager.googleapis.com/v1/projects/bell-operation:testIamPermissions  x-goog-user-project=bell-operation
[debug] [2026-08-23T11:10:48.090Z] >>> [apiv2][body] POST https://cloudresourcemanager.googleapis.com/v1/projects/bell-operation:testIamPermissions {"permissions":["firebase.projects.get","firebasehosting.sites.update"]}
[debug] [2026-08-23T11:10:48.354Z] <<< [apiv2][status] POST https://cloudresourcemanager.googleapis.com/v1/projects/bell-operation:testIamPermissions 200
[debug] [2026-08-23T11:10:48.354Z] <<< [apiv2][body] POST https://cloudresourcemanager.googleapis.com/v1/projects/bell-operation:testIamPermissions {"permissions":["firebase.projects.get","firebasehosting.sites.update"]}
[debug] [2026-08-23T11:10:48.355Z] Checked if tokens are valid: true, expires at: 1787486565315
[debug] [2026-08-23T11:10:48.355Z] Checked if tokens are valid: true, expires at: 1787486565315
[debug] [2026-08-23T11:10:48.355Z] >>> [apiv2][query] GET https://firebase.googleapis.com/v1beta1/projects/bell-operation [none]
[debug] [2026-08-23T11:10:48.748Z] <<< [apiv2][status] GET https://firebase.googleapis.com/v1beta1/projects/bell-operation 200
[debug] [2026-08-23T11:10:48.748Z] <<< [apiv2][body] GET https://firebase.googleapis.com/v1beta1/projects/bell-operation {"projectId":"bell-operation","projectNumber":"593133920835","displayName":"Bell-operation","name":"projects/bell-operation","resources":{"hostingSite":"bell-operation"},"state":"ACTIVE","labels":{"firebase":"enabled"},"etag":"1_bc31e7d8-d595-40be-8f91-82563170e1de"}
[debug] [2026-08-23T11:10:50.519Z] defaultcredentials: writing to file C:\Users\RESOLVE_01\AppData\Roaming\firebase\tjkim448532_gmail_com_application_default_credentials.json
[debug] [2026-08-23T11:10:50.520Z] Checked if tokens are valid: true, expires at: 1787486565315
[debug] [2026-08-23T11:10:50.520Z] Checked if tokens are valid: true, expires at: 1787486565315
[debug] [2026-08-23T11:10:50.520Z] >>> [apiv2][query] GET https://firebasehosting.googleapis.com/v1beta1/projects/bell-operation/sites pageToken=&pageSize=10
[debug] [2026-08-23T11:10:51.289Z] <<< [apiv2][status] GET https://firebasehosting.googleapis.com/v1beta1/projects/bell-operation/sites 200
[debug] [2026-08-23T11:10:51.289Z] <<< [apiv2][body] GET https://firebasehosting.googleapis.com/v1beta1/projects/bell-operation/sites {"sites":[{"name":"projects/bell-operation/sites/bell-operation","defaultUrl":"https://bell-operation.web.app","appId":"1:593133920835:web:61f25b39170b2f62ce6af6","type":"DEFAULT_SITE"}]}
[debug] [2026-08-23T11:10:51.289Z] Checked if tokens are valid: true, expires at: 1787486565315
[debug] [2026-08-23T11:10:51.289Z] Checked if tokens are valid: true, expires at: 1787486565315
[debug] [2026-08-23T11:10:51.289Z] >>> [apiv2][query] GET https://firebase.googleapis.com/v1beta1/projects/-/webApps/1:593133920835:web:61f25b39170b2f62ce6af6/config [none]
[debug] [2026-08-23T11:10:52.210Z] <<< [apiv2][status] GET https://firebase.googleapis.com/v1beta1/projects/-/webApps/1:593133920835:web:61f25b39170b2f62ce6af6/config 200
[debug] [2026-08-23T11:10:52.210Z] <<< [apiv2][body] GET https://firebase.googleapis.com/v1beta1/projects/-/webApps/1:593133920835:web:61f25b39170b2f62ce6af6/config {"projectId":"bell-operation","appId":"1:593133920835:web:61f25b39170b2f62ce6af6","storageBucket":"bell-operation.firebasestorage.app","apiKey":"AIzaSyC3cAL9Qr3ke0pVsMENWQNp75OLFjECpxo","authDomain":"bell-operation.firebaseapp.com","messagingSenderId":"593133920835","projectNumber":"593133920835","version":"2"}
[info] 
   Thank you for trying our early preview of Next.js support on Firebase Hosting.
   During the preview, support is best-effort and breaking changes can be expected. Proceed with caution.
   The integration is known to work with Next.js version 12 - 16.0. You may encounter errors.

   Documentation: https://firebase.google.com/docs/hosting/frameworks/nextjs
   File a bug: https://github.com/firebase/firebase-tools/issues/new?template=bug_report.md
   Submit a feature request: https://github.com/firebase/firebase-tools/issues/new?template=feature_request.md

   We'd love to learn from you. Express your interest in helping us shape the future of Firebase Hosting: https://goo.gle/41enW5X

[debug] [2026-08-23T11:10:56.604Z] Checked if tokens are valid: true, expires at: 1787486565315
[debug] [2026-08-23T11:10:56.605Z] Checked if tokens are valid: true, expires at: 1787486565315
[debug] [2026-08-23T11:10:56.605Z] >>> [apiv2][query] GET https://firebasehosting.googleapis.com/v1beta1/projects/bell-operation/sites/bell-operation [none]
[debug] [2026-08-23T11:10:57.495Z] <<< [apiv2][status] GET https://firebasehosting.googleapis.com/v1beta1/projects/bell-operation/sites/bell-operation 200
[debug] [2026-08-23T11:10:57.495Z] <<< [apiv2][body] GET https://firebasehosting.googleapis.com/v1beta1/projects/bell-operation/sites/bell-operation {"name":"projects/bell-operation/sites/bell-operation","defaultUrl":"https://bell-operation.web.app","appId":"1:593133920835:web:61f25b39170b2f62ce6af6","type":"DEFAULT_SITE"}
[info] ▲ Next.js 16.2.7 (Turbopack)

[info] - Environments: .env.local, .env.production


[info]   Creating an optimized production build ...

[info] ✓ Compiled successfully in 2.3s

[info]   Skipping validation of types

[info]   Finished TypeScript config validation in 6ms ...

[info]   Collecting page data using 19 workers ...

[info] Firebase Admin Initialized with Application Default Credentials.

[info] Firebase Admin Initialized with Application Default Credentials.

[info] Firebase Admin Initialized with Application Default Credentials.

[info] Firebase Admin Initialized with Application Default Credentials.

[info] Firebase Admin Initialized with Application Default Credentials.

[info] Firebase Admin Initialized with Application Default Credentials.
Firebase Admin Initialized with Application Default Credentials.

[info] Firebase Admin Initialized with Application Default Credentials.

[info] Firebase Admin Initialized with Application Default Credentials.

[info] Firebase Admin Initialized with Application Default Credentials.

[info] Firebase Admin Initialized with Application Default Credentials.

[info] Firebase Admin Initialized with Application Default Credentials.

[info] Firebase Admin Initialized with Application Default Credentials.

[info] Firebase Admin Initialized with Application Default Credentials.

[info] Firebase Admin Initialized with Application Default Credentials.

[info] Firebase Admin Initialized with Application Default Credentials.

[info] Firebase Admin Initialized with Application Default Credentials.

[info] Firebase Admin Initialized with Application Default Credentials.

[info] Firebase Admin Initialized with Application Default Credentials.

[info]   Generating static pages using 19 workers (0/38) ...

[info]   Generating static pages using 19 workers (9/38) 

[info]   Generating static pages using 19 workers (18/38) 

[info]   Generating static pages using 19 workers (28/38) 

[info] ✓ Generating static pages using 19 workers (38/38) in 265ms

[info]   Finalizing page optimization ...

[info] 

[info] Route (app)
┌ ○ /
├ ○ /_not-found
├ ƒ /api/admin/fix-activity
├ ƒ /api/admin/fix-migration
├ ƒ /api/admin/fix-orphans
├ ƒ /api/admin/repair-expense-months
├ ƒ /api/admin/reset-expenses
├ ƒ /api/admin/v6-mapping
├ ƒ /api/analysis
├ ƒ /api/business-plan
├ ƒ /api/dashboard
├ ƒ /api/goals
├ ƒ /api/monthly-trends
├ ƒ /api/organization/headcount
├ ƒ /api/revenue/leisure-range
├ ƒ /api/room-data
├ ƒ /api/settings
├ ƒ /api/settings-expense
├ ƒ /api/settings-expense/macro-mapping
├ ƒ /api/settings-expense/mapping
├ ƒ /api/settings-expense/terms
├ ƒ /api/settings-macro-mapping/board
├ ƒ /api/settings-revenue
├ ƒ /api/settings-revenue/terms
├ ƒ /api/settings/board
├ ƒ /api/settings/leisure-selection
├ ƒ /api/settings/leisure-teams
├ ƒ /api/settings/teams
├ ƒ /api/settings/unmapped
├ ƒ /api/upload
├ ƒ /api/upload/google-sheet
├ ƒ /api/upload/google-sheet-goals
├ ƒ /api/validation
├ ƒ /api/validation/update-project
├ ƒ /api/venue-analytics
├ ○ /business-plan
├ ○ /login
├ ○ /monthly-trends
├ ○ /organization
├ ○ /settings
├ ○ /settings-expense
├ ○ /settings-logic
├ ○ /settings-macro-mapping
├ ○ /settings-revenue
├ ○ /settings-v6-mapping
├ ○ /shared/team-report
├ ○ /team-expenses
├ ○ /team-report
├ ○ /upload
├ ○ /validation
└ ○ /venue-analytics



[info] ○  (Static)   prerendered as static content
ƒ  (Dynamic)  server-rendered on demand


[info] Building a Cloud Function to run this application. This is needed due to:
[info]  • non-static component /api/admin/fix-activity/route
[info]  • non-static component /api/admin/fix-migration/route
[info]  • non-static component /api/admin/fix-orphans/route
[info]  • non-static component /api/admin/repair-expense-months/route
[info]  • non-static component /api/admin/reset-expenses/route
[debug] [2026-08-23T11:11:03.437Z]  • non-static component /api/admin/v6-mapping/route
[debug] [2026-08-23T11:11:03.437Z]  • non-static component /api/analysis/route
[debug] [2026-08-23T11:11:03.437Z]  • non-static component /api/business-plan/route
[debug] [2026-08-23T11:11:03.437Z]  • non-static component /api/dashboard/route
[debug] [2026-08-23T11:11:03.437Z]  • non-static component /api/goals/route
[debug] [2026-08-23T11:11:03.437Z]  • non-static component /api/monthly-trends/route
[debug] [2026-08-23T11:11:03.437Z]  • non-static component /api/organization/headcount/route
[debug] [2026-08-23T11:11:03.437Z]  • non-static component /api/revenue/leisure-range/route
[debug] [2026-08-23T11:11:03.437Z]  • non-static component /api/room-data/route
[debug] [2026-08-23T11:11:03.437Z]  • non-static component /api/settings-expense/macro-mapping/route
[debug] [2026-08-23T11:11:03.438Z]  • non-static component /api/settings-expense/mapping/route
[debug] [2026-08-23T11:11:03.438Z]  • non-static component /api/settings-expense/route
[debug] [2026-08-23T11:11:03.438Z]  • non-static component /api/settings-expense/terms/route
[debug] [2026-08-23T11:11:03.438Z]  • non-static component /api/settings-macro-mapping/board/route
[debug] [2026-08-23T11:11:03.438Z]  • non-static component /api/settings-revenue/route
[debug] [2026-08-23T11:11:03.438Z]  • non-static component /api/settings-revenue/terms/route
[debug] [2026-08-23T11:11:03.438Z]  • non-static component /api/settings/board/route
[debug] [2026-08-23T11:11:03.438Z]  • non-static component /api/settings/leisure-selection/route
[debug] [2026-08-23T11:11:03.438Z]  • non-static component /api/settings/leisure-teams/route
[debug] [2026-08-23T11:11:03.438Z]  • non-static component /api/settings/route
[debug] [2026-08-23T11:11:03.438Z]  • non-static component /api/settings/teams/route
[debug] [2026-08-23T11:11:03.438Z]  • non-static component /api/settings/unmapped/route
[debug] [2026-08-23T11:11:03.438Z]  • non-static component /api/upload/google-sheet-goals/route
[debug] [2026-08-23T11:11:03.438Z]  • non-static component /api/upload/google-sheet/route
[debug] [2026-08-23T11:11:03.438Z]  • non-static component /api/upload/route
[debug] [2026-08-23T11:11:03.438Z]  • non-static component /api/validation/route
[debug] [2026-08-23T11:11:03.438Z]  • non-static component /api/validation/update-project/route
[debug] [2026-08-23T11:11:03.438Z]  • non-static component /api/venue-analytics/route
[info]  • and 28 other reasons, use --debug to see more
[info] 
[debug] [2026-08-23T11:11:06.583Z] Checked if tokens are valid: true, expires at: 1787486565315
[debug] [2026-08-23T11:11:06.583Z] Checked if tokens are valid: true, expires at: 1787486565315
[debug] [2026-08-23T11:11:06.583Z] >>> [apiv2][query] GET https://firebasehosting.googleapis.com/v1beta1/projects/bell-operation/sites/bell-operation [none]
[debug] [2026-08-23T11:11:07.498Z] <<< [apiv2][status] GET https://firebasehosting.googleapis.com/v1beta1/projects/bell-operation/sites/bell-operation 200
[debug] [2026-08-23T11:11:07.498Z] <<< [apiv2][body] GET https://firebasehosting.googleapis.com/v1beta1/projects/bell-operation/sites/bell-operation {"name":"projects/bell-operation/sites/bell-operation","defaultUrl":"https://bell-operation.web.app","appId":"1:593133920835:web:61f25b39170b2f62ce6af6","type":"DEFAULT_SITE"}
[debug] [2026-08-23T11:11:10.727Z] [web frameworks] effective firebase.json:  {
  "hosting": [
    {
      "source": ".",
      "ignore": [
        "firebase.json",
        "**/.*",
        "**/node_modules/**"
      ],
      "site": "bell-operation",
      "rewrites": [
        {
          "source": "**",
          "function": {
            "functionId": "ssrbelloperation",
            "region": "us-central1",
            "pinTag": true
          }
        }
      ],
      "redirects": [],
      "headers": [
        {
          "source": "/(.*)",
          "headers": [
            {
              "key": "Cross-Origin-Opener-Policy",
              "value": "unsafe-none"
            },
            {
              "key": "Cross-Origin-Embedder-Policy",
              "value": "unsafe-none"
            }
          ]
        },
        {
          "source": "/_global-error",
          "headers": [
            {
              "key": "x-nextjs-stale-time",
              "value": "300"
            },
            {
              "key": "x-nextjs-prerender",
              "value": "1"
            },
            {
              "key": "x-next-cache-tags",
              "value": "_N_T_/layout,_N_T_/_global-error/layout,_N_T_/_global-error/page,_N_T_/_global-error"
            }
          ]
        },
        {
          "source": "/_not-found",
          "headers": [
            {
              "key": "x-nextjs-stale-time",
              "value": "300"
            },
            {
              "key": "x-nextjs-prerender",
              "value": "1"
            },
            {
              "key": "x-next-cache-tags",
              "value": "_N_T_/layout,_N_T_/_not-found/layout,_N_T_/_not-found/page,_N_T_/_not-found"
            }
          ]
        },
        {
          "source": "/favicon.ico",
          "headers": [
            {
              "key": "cache-control",
              "value": "public, max-age=0, must-revalidate"
            },
            {
              "key": "content-type",
              "value": "image/x-icon"
            },
            {
              "key": "x-next-cache-tags",
              "value": "_N_T_/layout,_N_T_/favicon.ico/layout,_N_T_/favicon.ico/route,_N_T_/favicon.ico"
            }
          ]
        },
        {
          "source": "/shared/team-report",
          "headers": [
            {
              "key": "x-nextjs-stale-time",
              "value": "300"
            },
            {
              "key": "x-nextjs-prerender",
              "value": "1"
            },
            {
              "key": "x-next-cache-tags",
              "value": "_N_T_/layout,_N_T_/shared/layout,_N_T_/shared/team-report/layout,_N_T_/shared/team-report/page,_N_T_/shared/team-report"
            }
          ]
        },
        {
          "source": "/login",
          "headers": [
            {
              "key": "x-nextjs-stale-time",
              "value": "300"
            },
            {
              "key": "x-nextjs-prerender",
              "value": "1"
            },
            {
              "key": "x-next-cache-tags",
              "value": "_N_T_/layout,_N_T_/login/layout,_N_T_/login/page,_N_T_/login"
            }
          ]
        },
        {
          "source": "**/*.[jt]s",
          "headers": [
            {
              "key": "Set-Cookie",
              "value": "__FIREBASE_DEFAULTS__=eyJjb25maWciOnsicHJvamVjdElkIjoiYmVsbC1vcGVyYXRpb24iLCJhcHBJZCI6IjE6NTkzMTMzOTIwODM1OndlYjo2MWYyNWIzOTE3MGIyZjYyY2U2YWY2Iiwic3RvcmFnZUJ1Y2tldCI6ImJlbGwtb3BlcmF0aW9uLmZpcmViYXNlc3RvcmFnZS5hcHAiLCJhcGlLZXkiOiJBSXphU3lDM2NBTDlRcjNrZTBwVnNNRU5XUU5wNzVPTEZqRUNweG8iLCJhdXRoRG9tYWluIjoiYmVsbC1vcGVyYXRpb24uZmlyZWJhc2VhcHAuY29tIiwibWVzc2FnaW5nU2VuZGVySWQiOiI1OTMxMzM5MjA4MzUiLCJwcm9qZWN0TnVtYmVyIjoiNTkzMTMzOTIwODM1IiwidmVyc2lvbiI6IjIifSwiX2F1dGhUb2tlblN5bmNVUkwiOiIvX19zZXNzaW9uIn0; SameSite=Strict; Expires=2028-07-17T21:51:10.726Z; Path=/;"
            }
          ]
        }
      ],
      "cleanUrls": true,
      "trailingSlash": false,
      "public": ".firebase\\bell-operation\\hosting",
      "webFramework": "next_ssr"
    }
  ],
  "functions": [
    {
      "source": ".firebase\\bell-operation\\functions",
      "codebase": "firebase-frameworks-bell-operation"
    }
  ]
}
[debug] [2026-08-23T11:11:10.727Z] > command requires scopes: ["email","openid","https://www.googleapis.com/auth/cloudplatformprojects.readonly","https://www.googleapis.com/auth/firebase","https://www.googleapis.com/auth/cloud-platform"]
[debug] [2026-08-23T11:11:10.727Z] > authorizing via signed-in user (tjkim448532@gmail.com)
[debug] [2026-08-23T11:11:10.727Z] [iam] checking project bell-operation for permissions ["cloudfunctions.functions.create","cloudfunctions.functions.delete","cloudfunctions.functions.get","cloudfunctions.functions.list","cloudfunctions.functions.update","cloudfunctions.operations.get","firebase.projects.get"]
[debug] [2026-08-23T11:11:10.727Z] Checked if tokens are valid: true, expires at: 1787486565315
[debug] [2026-08-23T11:11:10.727Z] Checked if tokens are valid: true, expires at: 1787486565315
[debug] [2026-08-23T11:11:10.727Z] >>> [apiv2][query] POST https://cloudresourcemanager.googleapis.com/v1/projects/bell-operation:testIamPermissions [none]
[debug] [2026-08-23T11:11:10.727Z] >>> [apiv2][(partial)header] POST https://cloudresourcemanager.googleapis.com/v1/projects/bell-operation:testIamPermissions  x-goog-user-project=bell-operation
[debug] [2026-08-23T11:11:10.727Z] >>> [apiv2][body] POST https://cloudresourcemanager.googleapis.com/v1/projects/bell-operation:testIamPermissions {"permissions":["cloudfunctions.functions.create","cloudfunctions.functions.delete","cloudfunctions.functions.get","cloudfunctions.functions.list","cloudfunctions.functions.update","cloudfunctions.operations.get","firebase.projects.get"]}
[debug] [2026-08-23T11:11:10.941Z] <<< [apiv2][status] POST https://cloudresourcemanager.googleapis.com/v1/projects/bell-operation:testIamPermissions 200
[debug] [2026-08-23T11:11:10.941Z] <<< [apiv2][body] POST https://cloudresourcemanager.googleapis.com/v1/projects/bell-operation:testIamPermissions {"permissions":["cloudfunctions.functions.create","cloudfunctions.functions.delete","cloudfunctions.functions.get","cloudfunctions.functions.list","cloudfunctions.functions.update","cloudfunctions.operations.get","firebase.projects.get"]}
[debug] [2026-08-23T11:11:10.942Z] Checked if tokens are valid: true, expires at: 1787486565315
[debug] [2026-08-23T11:11:10.942Z] Checked if tokens are valid: true, expires at: 1787486565315
[debug] [2026-08-23T11:11:10.942Z] >>> [apiv2][query] GET https://cloudfunctions.googleapis.com/v1/projects/bell-operation/locations/-/functions [none]
[debug] [2026-08-23T11:11:11.740Z] <<< [apiv2][status] GET https://cloudfunctions.googleapis.com/v1/projects/bell-operation/locations/-/functions 200
[debug] [2026-08-23T11:11:11.740Z] <<< [apiv2][body] GET https://cloudfunctions.googleapis.com/v1/projects/bell-operation/locations/-/functions {}
[debug] [2026-08-23T11:11:11.741Z] Checked if tokens are valid: true, expires at: 1787486565315
[debug] [2026-08-23T11:11:11.741Z] Checked if tokens are valid: true, expires at: 1787486565315
[debug] [2026-08-23T11:11:11.741Z] >>> [apiv2][query] GET https://cloudfunctions.googleapis.com/v2/projects/bell-operation/locations/-/functions filter=environment%3D%22GEN_2%22
[debug] [2026-08-23T11:11:13.089Z] <<< [apiv2][status] GET https://cloudfunctions.googleapis.com/v2/projects/bell-operation/locations/-/functions 200
[debug] [2026-08-23T11:11:13.090Z] <<< [apiv2][body] GET https://cloudfunctions.googleapis.com/v2/projects/bell-operation/locations/-/functions {"functions":[{"name":"projects/bell-operation/locations/us-central1/functions/ssrbelloperation","buildConfig":{"build":"projects/593133920835/locations/us-central1/builds/dfdb0393-8499-4f7b-81f0-03c5c281106d","runtime":"nodejs24","entryPoint":"ssrbelloperation","source":{"storageSource":{"bucket":"gcf-v2-sources-593133920835-us-central1","object":"ssrbelloperation/function-source.zip","generation":"1787483169334183"}},"environmentVariables":{"GOOGLE_NODE_RUN_SCRIPTS":""},"dockerRepository":"projects/bell-operation/locations/us-central1/repositories/gcf-artifacts","sourceProvenance":{"resolvedStorageSource":{"bucket":"gcf-v2-sources-593133920835-us-central1","object":"ssrbelloperation/function-source.zip","generation":"1787483169334183"}},"dockerRegistry":"ARTIFACT_REGISTRY","serviceAccount":"projects/bell-operation/serviceAccounts/593133920835-compute@developer.gserviceaccount.com","automaticUpdatePolicy":{}},"serviceConfig":{"service":"projects/bell-operation/locations/us-central1/services/ssrbelloperation","timeoutSeconds":60,"environmentVariables":{"VERCEL_URL":"bell-operation.web.app","__FIREBASE_FRAMEWORKS_ENTRY__":"next.js","__FIREBASE_DEFAULTS__":"{\"config\":{\"projectId\":\"bell-operation\",\"appId\":\"1:593133920835:web:61f25b39170b2f62ce6af6\",\"storageBucket\":\"bell-operation.firebasestorage.app\",\"apiKey\":\"AIzaSyC3cAL9Qr3ke0pVsMENWQNp75OLFjECpxo\",\"authDomain\":\"bell-operation.firebaseapp.com\",\"messagingSenderId\":\"593133920835\",\"projectNumber\":\"593133920835\",\"version\":\"2\"},\"_authTokenSyncURL\":\"/__session\"}","FIREBASE_CONFIG":"{\"projectId\":\"bell-operation\",\"storageBucket\":\"bell-operation.firebasestorage.app\"}","GCLOUD_PROJECT":"bell-operation","EVENTARC_CLOUD_EVENT_SOURCE":"projects/bell-operation/locations/us-central1/services/ssrbelloperation","FUNCTION_TARGET":"ssrbelloperation","LOG_EXECUTION_ID":"true"},"maxInstanceCount":20,"ingressSettings":"ALLOW_ALL","uri":"https://ssrbelloperation-7tgdkyp2uq-uc.a.run.app","serviceAccountEmail":"593133920835-compute@developer.gserviceaccount.com","availableMemory":"256Mi","allTrafficOnLatestRevision":true,"revision":"ssrbelloperation-01148-lit","maxInstanceRequestConcurrency":80,"availableCpu":"1"},"state":"ACTIVE","updateTime":"2026-08-23T11:08:58.392532700Z","labels":{"deployment-tool":"cli-firebase","firebase-functions-codebase":"firebase-frameworks-bell-operation","firebase-functions-hash":"c59fb7ab7291f8a5ddfd615acccb5b7dde3731db"},"environment":"GEN_2","url":"https://us-central1-bell-operation.cloudfunctions.net/ssrbelloperation","createTime":"2026-06-09T21:22:51.567656555Z","satisfiesPzi":true}]}
[info] i  hosting: The following function(s) are pinned to site bell-operation and will be deployed as well: ssrbelloperation 
[info] 
[info] === Deploying to 'bell-operation'...
[info] 
[info] i  deploying functions, hosting 
[debug] [2026-08-23T11:11:13.092Z] Checked if tokens are valid: true, expires at: 1787486565315
[debug] [2026-08-23T11:11:13.092Z] Checked if tokens are valid: true, expires at: 1787486565315
[debug] [2026-08-23T11:11:13.092Z] >>> [apiv2][query] GET https://cloudresourcemanager.googleapis.com/v1/projects/bell-operation [none]
[debug] [2026-08-23T11:11:13.297Z] <<< [apiv2][status] GET https://cloudresourcemanager.googleapis.com/v1/projects/bell-operation 200
[debug] [2026-08-23T11:11:13.297Z] <<< [apiv2][body] GET https://cloudresourcemanager.googleapis.com/v1/projects/bell-operation {"projectNumber":"593133920835","projectId":"bell-operation","lifecycleState":"ACTIVE","name":"Bell-operation","labels":{"firebase":"enabled","firebase-core":"disabled"},"createTime":"2026-06-09T15:03:37.281Z"}
[info] i  functions: preparing codebase firebase-frameworks-bell-operation for deployment 
[info] i  functions: ensuring required API cloudfunctions.googleapis.com is enabled... 
[info] i  functions: ensuring required API cloudbuild.googleapis.com is enabled... 
[info] i  artifactregistry: ensuring required API artifactregistry.googleapis.com is enabled... 
[debug] [2026-08-23T11:11:13.300Z] Checked if tokens are valid: true, expires at: 1787486565315
[debug] [2026-08-23T11:11:13.300Z] Checked if tokens are valid: true, expires at: 1787486565315
[debug] [2026-08-23T11:11:13.300Z] >>> [apiv2][query] GET https://firebase.googleapis.com/v1beta1/projects/bell-operation/adminSdkConfig [none]
[debug] [2026-08-23T11:11:13.681Z] <<< [apiv2][status] GET https://firebase.googleapis.com/v1beta1/projects/bell-operation/adminSdkConfig 200
[debug] [2026-08-23T11:11:13.681Z] <<< [apiv2][body] GET https://firebase.googleapis.com/v1beta1/projects/bell-operation/adminSdkConfig {"projectId":"bell-operation","storageBucket":"bell-operation.firebasestorage.app"}
[debug] [2026-08-23T11:11:13.681Z] Checked if tokens are valid: true, expires at: 1787486565315
[debug] [2026-08-23T11:11:13.681Z] Checked if tokens are valid: true, expires at: 1787486565315
[debug] [2026-08-23T11:11:13.681Z] >>> [apiv2][query] GET https://runtimeconfig.googleapis.com/v1beta1/projects/bell-operation/configs [none]
[debug] [2026-08-23T11:11:14.109Z] <<< [apiv2][status] GET https://runtimeconfig.googleapis.com/v1beta1/projects/bell-operation/configs 200
[debug] [2026-08-23T11:11:14.109Z] <<< [apiv2][body] GET https://runtimeconfig.googleapis.com/v1beta1/projects/bell-operation/configs {}
[debug] [2026-08-23T11:11:14.110Z] Validating nodejs source
[warn] !  functions: package.json indicates an outdated version of firebase-functions. Please upgrade using npm install --save firebase-functions@latest in your functions directory. 
[warn] !  functions: Please note that there will be breaking changes when you upgrade. 
[debug] [2026-08-23T11:11:14.714Z] > [functions] package.json contents: {
  "name": "leisure-app",
  "version": "0.1.0",
  "private": true,
  "dependencies": {
    "clsx": "^2.1.1",
    "dotenv": "^17.4.2",
    "firebase": "^12.15.0",
    "firebase-admin": "^13.0.0",
    "framer-motion": "^12.42.2",
    "lucide-react": "^1.17.0",
    "next": "16.2.7",
    "react": "19.2.4",
    "react-dom": "19.2.4",
    "recharts": "^3.8.1",
    "tailwind-merge": "^3.6.0",
    "xlsx": "^0.18.5",
    "zod": "^4.4.3",
    "firebase-frameworks": "^0.11.0",
    "firebase-functions": "^6.0.1"
  },
  "main": "server.js",
  "engines": {
    "node": "24"
  }
}
[debug] [2026-08-23T11:11:14.714Z] Building nodejs source
[info] i  functions: Loading and analyzing source code for codebase firebase-frameworks-bell-operation to determine what to deploy 
[debug] [2026-08-23T11:11:14.715Z] Could not find functions.yaml. Must use http discovery
[debug] [2026-08-23T11:11:14.720Z] Found firebase-functions binary at 'E:\앱\Bell-operation\.firebase\bell-operation\functions\node_modules\.bin\firebase-functions'
[info] Serving at port 8366

[debug] [2026-08-23T11:11:14.977Z] Got response from /__/functions.yaml {"endpoints":{"ssrbelloperation":{"availableMemoryMb":null,"timeoutSeconds":null,"minInstances":null,"maxInstances":null,"ingressSettings":null,"concurrency":null,"serviceAccountEmail":null,"vpc":null,"platform":"gcfv2","labels":{},"httpsTrigger":{},"entryPoint":"ssrbelloperation"}},"specVersion":"v1alpha1","requiredAPIs":[],"extensions":{}}
[info] i  extensions: ensuring required API firebaseextensions.googleapis.com is enabled... 
[debug] [2026-08-23T11:11:19.000Z] > command requires scopes: ["email","openid","https://www.googleapis.com/auth/cloudplatformprojects.readonly","https://www.googleapis.com/auth/firebase","https://www.googleapis.com/auth/cloud-platform"]
[debug] [2026-08-23T11:11:19.000Z] > authorizing via signed-in user (tjkim448532@gmail.com)
[debug] [2026-08-23T11:11:19.000Z] [iam] checking project bell-operation for permissions ["firebase.projects.get","firebaseextensions.instances.list"]
[debug] [2026-08-23T11:11:19.000Z] Checked if tokens are valid: true, expires at: 1787486565315
[debug] [2026-08-23T11:11:19.000Z] Checked if tokens are valid: true, expires at: 1787486565315
[debug] [2026-08-23T11:11:19.000Z] >>> [apiv2][query] POST https://cloudresourcemanager.googleapis.com/v1/projects/bell-operation:testIamPermissions [none]
[debug] [2026-08-23T11:11:19.001Z] >>> [apiv2][(partial)header] POST https://cloudresourcemanager.googleapis.com/v1/projects/bell-operation:testIamPermissions  x-goog-user-project=bell-operation
[debug] [2026-08-23T11:11:19.001Z] >>> [apiv2][body] POST https://cloudresourcemanager.googleapis.com/v1/projects/bell-operation:testIamPermissions {"permissions":["firebase.projects.get","firebaseextensions.instances.list"]}
[debug] [2026-08-23T11:11:19.214Z] <<< [apiv2][status] POST https://cloudresourcemanager.googleapis.com/v1/projects/bell-operation:testIamPermissions 200
[debug] [2026-08-23T11:11:19.214Z] <<< [apiv2][body] POST https://cloudresourcemanager.googleapis.com/v1/projects/bell-operation:testIamPermissions {"permissions":["firebase.projects.get","firebaseextensions.instances.list"]}
[debug] [2026-08-23T11:11:19.215Z] Checked if tokens are valid: true, expires at: 1787486565315
[debug] [2026-08-23T11:11:19.215Z] Checked if tokens are valid: true, expires at: 1787486565315
[debug] [2026-08-23T11:11:19.215Z] >>> [apiv2][query] GET https://firebaseextensions.googleapis.com/v1beta/projects/bell-operation/instances pageSize=100&pageToken=
[debug] [2026-08-23T11:11:20.162Z] <<< [apiv2][status] GET https://firebaseextensions.googleapis.com/v1beta/projects/bell-operation/instances 200
[debug] [2026-08-23T11:11:20.162Z] <<< [apiv2][body] GET https://firebaseextensions.googleapis.com/v1beta/projects/bell-operation/instances {}
[info] i  functions: Loaded environment variables from .env. 
[info] i  functions: preparing .firebase\bell-operation\functions directory for uploading... 
[info] i  functions: packaged E:\앱\Bell-operation\.firebase\bell-operation\functions (119.96 MB) for uploading 
[info] i  functions: ensuring required API run.googleapis.com is enabled... 
[info] i  functions: ensuring required API eventarc.googleapis.com is enabled... 
[info] i  functions: ensuring required API pubsub.googleapis.com is enabled... 
[info] i  functions: ensuring required API storage.googleapis.com is enabled... 
[info] i  functions: generating the service identity for pubsub.googleapis.com... 
[debug] [2026-08-23T11:11:27.779Z] Checked if tokens are valid: true, expires at: 1787486565315
[debug] [2026-08-23T11:11:27.779Z] Checked if tokens are valid: true, expires at: 1787486565315
[info] i  functions: generating the service identity for eventarc.googleapis.com... 
[debug] [2026-08-23T11:11:27.779Z] Checked if tokens are valid: true, expires at: 1787486565315
[debug] [2026-08-23T11:11:27.779Z] Checked if tokens are valid: true, expires at: 1787486565315
[debug] [2026-08-23T11:11:27.779Z] >>> [apiv2][query] POST https://serviceusage.googleapis.com/v1beta1/projects/593133920835/services/pubsub.googleapis.com:generateServiceIdentity [none]
[debug] [2026-08-23T11:11:27.779Z] >>> [apiv2][(partial)header] POST https://serviceusage.googleapis.com/v1beta1/projects/593133920835/services/pubsub.googleapis.com:generateServiceIdentity  x-goog-user-project=593133920835
[debug] [2026-08-23T11:11:27.779Z] >>> [apiv2][body] POST https://serviceusage.googleapis.com/v1beta1/projects/593133920835/services/pubsub.googleapis.com:generateServiceIdentity {}
[debug] [2026-08-23T11:11:27.780Z] >>> [apiv2][query] POST https://serviceusage.googleapis.com/v1beta1/projects/593133920835/services/eventarc.googleapis.com:generateServiceIdentity [none]
[debug] [2026-08-23T11:11:27.780Z] >>> [apiv2][(partial)header] POST https://serviceusage.googleapis.com/v1beta1/projects/593133920835/services/eventarc.googleapis.com:generateServiceIdentity  x-goog-user-project=593133920835
[debug] [2026-08-23T11:11:27.780Z] >>> [apiv2][body] POST https://serviceusage.googleapis.com/v1beta1/projects/593133920835/services/eventarc.googleapis.com:generateServiceIdentity {}
[debug] [2026-08-23T11:11:28.964Z] <<< [apiv2][status] POST https://serviceusage.googleapis.com/v1beta1/projects/593133920835/services/pubsub.googleapis.com:generateServiceIdentity 200
[debug] [2026-08-23T11:11:28.964Z] <<< [apiv2][body] POST https://serviceusage.googleapis.com/v1beta1/projects/593133920835/services/pubsub.googleapis.com:generateServiceIdentity {"name":"operations/finished.DONE_OPERATION","done":true,"response":{"@type":"type.googleapis.com/google.api.serviceusage.v1beta1.ServiceIdentity","email":"service-593133920835@gcp-sa-pubsub.iam.gserviceaccount.com","uniqueId":"108917145346422524680"}}
[debug] [2026-08-23T11:11:29.050Z] <<< [apiv2][status] POST https://serviceusage.googleapis.com/v1beta1/projects/593133920835/services/eventarc.googleapis.com:generateServiceIdentity 200
[debug] [2026-08-23T11:11:29.050Z] <<< [apiv2][body] POST https://serviceusage.googleapis.com/v1beta1/projects/593133920835/services/eventarc.googleapis.com:generateServiceIdentity {"name":"operations/finished.DONE_OPERATION","done":true,"response":{"@type":"type.googleapis.com/google.api.serviceusage.v1beta1.ServiceIdentity","email":"service-593133920835@gcp-sa-eventarc.iam.gserviceaccount.com","uniqueId":"105423291187634836912"}}
[debug] [2026-08-23T11:11:29.052Z] Checked if tokens are valid: true, expires at: 1787486565315
[debug] [2026-08-23T11:11:29.052Z] Checked if tokens are valid: true, expires at: 1787486565315
[debug] [2026-08-23T11:11:29.052Z] >>> [apiv2][query] GET https://cloudresourcemanager.googleapis.com/v1/projects/bell-operation [none]
[debug] [2026-08-23T11:11:29.300Z] <<< [apiv2][status] GET https://cloudresourcemanager.googleapis.com/v1/projects/bell-operation 200
[debug] [2026-08-23T11:11:29.300Z] <<< [apiv2][body] GET https://cloudresourcemanager.googleapis.com/v1/projects/bell-operation {"projectNumber":"593133920835","projectId":"bell-operation","lifecycleState":"ACTIVE","name":"Bell-operation","labels":{"firebase":"enabled","firebase-core":"disabled"},"createTime":"2026-06-09T15:03:37.281Z"}
[debug] [2026-08-23T11:11:29.300Z] Checked if tokens are valid: true, expires at: 1787486565315
[debug] [2026-08-23T11:11:29.300Z] Checked if tokens are valid: true, expires at: 1787486565315
[debug] [2026-08-23T11:11:29.301Z] >>> [apiv2][query] GET https://compute.googleapis.com/compute/v1/projects/593133920835 [none]
[debug] [2026-08-23T11:11:29.795Z] <<< [apiv2][status] GET https://compute.googleapis.com/compute/v1/projects/593133920835 200
[debug] [2026-08-23T11:11:29.795Z] <<< [apiv2][body] GET https://compute.googleapis.com/compute/v1/projects/593133920835 {"kind":"compute#project","id":"6246499644038519253","creationTimestamp":"2026-06-09T16:52:26.114-07:00","name":"bell-operation","commonInstanceMetadata":{"kind":"compute#metadata","fingerprint":"GfN88xipnkY="},"quotas":[{"metric":"SNAPSHOTS","limit":1000,"usage":0},{"metric":"NETWORKS","limit":5,"usage":1},{"metric":"FIREWALLS","limit":100,"usage":4},{"metric":"IMAGES","limit":100,"usage":0},{"metric":"STATIC_ADDRESSES","limit":8,"usage":0},{"metric":"ROUTES","limit":200,"usage":0},{"metric":"FORWARDING_RULES","limit":15,"usage":0},{"metric":"TARGET_POOLS","limit":50,"usage":0},{"metric":"HEALTH_CHECKS","limit":75,"usage":0},{"metric":"IN_USE_ADDRESSES","limit":8,"usage":0},{"metric":"TARGET_INSTANCES","limit":50,"usage":0},{"metric":"TARGET_HTTP_PROXIES","limit":10,"usage":0},{"metric":"URL_MAPS","limit":10,"usage":0},{"metric":"BACKEND_SERVICES","limit":50,"usage":0},{"metric":"INSTANCE_TEMPLATES","limit":100,"usage":0},{"metric":"TARGET_VPN_GATEWAYS","limit":5,"usage":0},{"metric":"VPN_TUNNELS","limit":10,"usage":0},{"metric":"BACKEND_BUCKETS","limit":3,"usage":0},{"metric":"ROUTERS","limit":10,"usage":0},{"metric":"TARGET_SSL_PROXIES","limit":10,"usage":0},{"metric":"TARGET_HTTPS_PROXIES","limit":10,"usage":0},{"metric":"SSL_CERTIFICATES","limit":10,"usage":0},{"metric":"SUBNETWORKS","limit":100,"usage":0},{"metric":"TARGET_TCP_PROXIES","limit":10,"usage":0},{"metric":"CPUS_ALL_REGIONS","limit":32,"usage":0},{"metric":"SECURITY_POLICIES","limit":10,"usage":0},{"metric":"SECURITY_POLICY_RULES","limit":100,"usage":0},{"metric":"XPN_SERVICE_PROJECTS","limit":1000,"usage":0},{"metric":"PACKET_MIRRORINGS","limit":20,"usage":0},{"metric":"NETWORK_ENDPOINT_GROUPS","limit":100,"usage":0},{"metric":"INTERCONNECTS","limit":6,"usage":0},{"metric":"SSL_POLICIES","limit":10,"usage":0},{"metric":"GLOBAL_INTERNAL_ADDRESSES","limit":5000,"usage":0},{"metric":"VPN_GATEWAYS","limit":5,"usage":0},{"metric":"MACHINE_IMAGES","limit":100,"usage":0},{"metric":"SECURITY_POLICY_CEVAL_RULES","limit":20,"usage":0},{"metric":"GPUS_ALL_REGIONS","limit":0,"usage":0},{"metric":"EXTERNAL_VPN_GATEWAYS","limit":5,"usage":0},{"metric":"PUBLIC_ADVERTISED_PREFIXES","limit":1,"usage":0},{"metric":"PUBLIC_DELEGATED_PREFIXES","limit":10,"usage":0},{"metric":"STATIC_BYOIP_ADDRESSES","limit":128,"usage":0},{"metric":"NETWORK_FIREWALL_POLICIES","limit":10,"usage":0},{"metric":"INTERNAL_TRAFFIC_DIRECTOR_FORWARDING_RULES","limit":15,"usage":0},{"metric":"GLOBAL_EXTERNAL_MANAGED_FORWARDING_RULES","limit":15,"usage":0},{"metric":"GLOBAL_INTERNAL_MANAGED_BACKEND_SERVICES","limit":50,"usage":0},{"metric":"GLOBAL_EXTERNAL_MANAGED_BACKEND_SERVICES","limit":50,"usage":0},{"metric":"GLOBAL_EXTERNAL_PROXY_LB_BACKEND_SERVICES","limit":50,"usage":0},{"metric":"GLOBAL_INTERNAL_TRAFFIC_DIRECTOR_BACKEND_SERVICES","limit":250,"usage":0}],"selfLink":"https://www.googleapis.com/compute/v1/projects/bell-operation","defaultServiceAccount":"593133920835-compute@developer.gserviceaccount.com","xpnProjectStatus":"UNSPECIFIED_XPN_PROJECT_STATUS","defaultNetworkTier":"PREMIUM","vmDnsSetting":"ZONAL_ONLY","cloudArmorTier":"CA_STANDARD"}
[debug] [2026-08-23T11:11:29.795Z] Checked if tokens are valid: true, expires at: 1787486565315
[debug] [2026-08-23T11:11:29.796Z] Checked if tokens are valid: true, expires at: 1787486565315
[debug] [2026-08-23T11:11:29.796Z] >>> [apiv2][query] GET https://firebasehosting.googleapis.com/v1beta1/projects/bell-operation/sites/bell-operation [none]
[debug] [2026-08-23T11:11:30.648Z] <<< [apiv2][status] GET https://firebasehosting.googleapis.com/v1beta1/projects/bell-operation/sites/bell-operation 200
[debug] [2026-08-23T11:11:30.648Z] <<< [apiv2][body] GET https://firebasehosting.googleapis.com/v1beta1/projects/bell-operation/sites/bell-operation {"name":"projects/bell-operation/sites/bell-operation","defaultUrl":"https://bell-operation.web.app","appId":"1:593133920835:web:61f25b39170b2f62ce6af6","type":"DEFAULT_SITE"}
[debug] [2026-08-23T11:11:30.651Z] Checked if tokens are valid: true, expires at: 1787486565315
[debug] [2026-08-23T11:11:30.651Z] Checked if tokens are valid: true, expires at: 1787486565315
[debug] [2026-08-23T11:11:30.651Z] >>> [apiv2][query] POST https://firebasehosting.googleapis.com/v1beta1/projects/-/sites/bell-operation/versions [none]
[debug] [2026-08-23T11:11:30.651Z] >>> [apiv2][body] POST https://firebasehosting.googleapis.com/v1beta1/projects/-/sites/bell-operation/versions {"status":"CREATED","labels":{"deployment-tool":"cli-firebase","firebase-web-framework":"next_ssr"}}
[debug] [2026-08-23T11:11:31.711Z] <<< [apiv2][status] POST https://firebasehosting.googleapis.com/v1beta1/projects/-/sites/bell-operation/versions 200
[debug] [2026-08-23T11:11:31.711Z] <<< [apiv2][body] POST https://firebasehosting.googleapis.com/v1beta1/projects/-/sites/bell-operation/versions {"name":"projects/593133920835/sites/bell-operation/versions/d22a841b922f9c07","status":"CREATED","config":{},"labels":{"deployment-tool":"cli-firebase","firebase-web-framework":"next_ssr"}}
[debug] [2026-08-23T11:11:31.711Z] Checked if tokens are valid: true, expires at: 1787486565315
[debug] [2026-08-23T11:11:31.711Z] Checked if tokens are valid: true, expires at: 1787486565315
[debug] [2026-08-23T11:11:31.711Z] >>> [apiv2][query] GET https://cloudbilling.googleapis.com/v1/projects/bell-operation/billingInfo [none]
[debug] [2026-08-23T11:11:32.981Z] <<< [apiv2][status] GET https://cloudbilling.googleapis.com/v1/projects/bell-operation/billingInfo 200
[debug] [2026-08-23T11:11:32.981Z] <<< [apiv2][body] GET https://cloudbilling.googleapis.com/v1/projects/bell-operation/billingInfo {"name":"projects/bell-operation/billingInfo","projectId":"bell-operation","billingAccountName":"billingAccounts/0132F7-CA829E-3F2E6C","billingEnabled":true}
[debug] [2026-08-23T11:11:32.981Z] Checked if tokens are valid: true, expires at: 1787486565315
[debug] [2026-08-23T11:11:32.981Z] Checked if tokens are valid: true, expires at: 1787486565315
[debug] [2026-08-23T11:11:32.981Z] >>> [apiv2][query] POST https://cloudfunctions.googleapis.com/v2/projects/bell-operation/locations/us-central1/functions:generateUploadUrl [none]
[debug] [2026-08-23T11:11:34.190Z] <<< [apiv2][status] POST https://cloudfunctions.googleapis.com/v2/projects/bell-operation/locations/us-central1/functions:generateUploadUrl 200
[debug] [2026-08-23T11:11:34.190Z] <<< [apiv2][body] POST https://cloudfunctions.googleapis.com/v2/projects/bell-operation/locations/us-central1/functions:generateUploadUrl {"uploadUrl":"https://storage.googleapis.com/gcf-v2-uploads-593133920835.us-central1.cloudfunctions.appspot.com/c263dc1e-3685-481f-8b31-ed14b7be98dc.zip?GoogleAccessId=service-593133920835@gcf-admin-robot.iam.gserviceaccount.com&Expires=1787485294&Signature=haphy%2FUKJSJ6QH9RPZI%2BmDT836NQOUg1Zslo3or1l5VsJMKbnqVFvFmn6GsN5MIb9k%2BWZzHUpmLLln3pwLC57Bneyim%2BUDPSGpQxl0rt7SMukkll1HJxDD5wQxypjtTh5dDdaDpSpiVGxlcNCwFstPxa2Dx%2FHByHWCJOrVFfP65a5wKVvA7hL5Oe0YgR%2BXbXZu5kezWLI%2B3LgOasqfchY1JElMRFAY6hCOKBPXnkexWSY9h21JmR9PjnvWYlxmmX9B%2FjWS7AdzdPh9vBw%2FTyFYwjZBFjw6Ela%2BVNwRXm%2B%2BQIgNANIy0nkZ9RcFKP6sNV9ImKRS%2F217Fe7cqR5G8oXQ%3D%3D","storageSource":{"bucket":"gcf-v2-uploads-593133920835.us-central1.cloudfunctions.appspot.com","object":"c263dc1e-3685-481f-8b31-ed14b7be98dc.zip"}}
[debug] [2026-08-23T11:11:34.190Z] >>> [apiv2][query] PUT https://storage.googleapis.com/gcf-v2-uploads-593133920835.us-central1.cloudfunctions.appspot.com/c263dc1e-3685-481f-8b31-ed14b7be98dc.zip GoogleAccessId=service-593133920835%40gcf-admin-robot.iam.gserviceaccount.com&Expires=1787485294&Signature=haphy%2FUKJSJ6QH9RPZI%2BmDT836NQOUg1Zslo3or1l5VsJMKbnqVFvFmn6GsN5MIb9k%2BWZzHUpmLLln3pwLC57Bneyim%2BUDPSGpQxl0rt7SMukkll1HJxDD5wQxypjtTh5dDdaDpSpiVGxlcNCwFstPxa2Dx%2FHByHWCJOrVFfP65a5wKVvA7hL5Oe0YgR%2BXbXZu5kezWLI%2B3LgOasqfchY1JElMRFAY6hCOKBPXnkexWSY9h21JmR9PjnvWYlxmmX9B%2FjWS7AdzdPh9vBw%2FTyFYwjZBFjw6Ela%2BVNwRXm%2B%2BQIgNANIy0nkZ9RcFKP6sNV9ImKRS%2F217Fe7cqR5G8oXQ%3D%3D
[debug] [2026-08-23T11:11:34.190Z] >>> [apiv2][body] PUT https://storage.googleapis.com/gcf-v2-uploads-593133920835.us-central1.cloudfunctions.appspot.com/c263dc1e-3685-481f-8b31-ed14b7be98dc.zip [stream]
[debug] [2026-08-23T11:11:41.386Z] <<< [apiv2][status] PUT https://storage.googleapis.com/gcf-v2-uploads-593133920835.us-central1.cloudfunctions.appspot.com/c263dc1e-3685-481f-8b31-ed14b7be98dc.zip 200
[debug] [2026-08-23T11:11:41.386Z] <<< [apiv2][body] PUT https://storage.googleapis.com/gcf-v2-uploads-593133920835.us-central1.cloudfunctions.appspot.com/c263dc1e-3685-481f-8b31-ed14b7be98dc.zip [omitted]
[info] +  functions: .firebase\bell-operation\functions source uploaded successfully 
[info] i  hosting[bell-operation]: beginning deploy... 
[info] i  hosting[bell-operation]: found 64 files in .firebase\bell-operation\hosting 
[debug] [2026-08-23T11:11:41.394Z] [hosting] uploading with 200 concurrency
[debug] [2026-08-23T11:11:41.687Z] Checked if tokens are valid: true, expires at: 1787486565315
[debug] [2026-08-23T11:11:41.687Z] Checked if tokens are valid: true, expires at: 1787486565315
[debug] [2026-08-23T11:11:41.688Z] [hosting] hash cache [LmZpcmViYXNlXGJlbGwtb3BlcmF0aW9uXGhvc3Rpbmc] stored for 64 files
[debug] [2026-08-23T11:11:41.688Z] [hosting][hash queue][FINAL] {"max":189,"min":1,"avg":93.4375,"active":0,"complete":64,"success":64,"errored":0,"retried":0,"total":64,"elapsed":293}
[debug] [2026-08-23T11:11:41.688Z] >>> [apiv2][query] POST https://firebasehosting.googleapis.com/v1beta1/projects/593133920835/sites/bell-operation/versions/d22a841b922f9c07:populateFiles [none]
[debug] [2026-08-23T11:11:41.688Z] >>> [apiv2][body] POST https://firebasehosting.googleapis.com/v1beta1/projects/593133920835/sites/bell-operation/versions/d22a841b922f9c07:populateFiles {"files":{"/window.svg":"6bd2003bd35bb32c1c0d99ab3aeac0cc1edaefd79f27df1d954bc87184048d74","/vercel.svg":"529a1a21b4a82475a82db26173c28d7b27e2dc9d4b900eaf1c5329d96eea4ddd","/next.svg":"0665b9ab4493aa9d7e988b57024e28772ae543e804b8cf6b0a3633854b7c3c7f","/globe.svg":"6502a3e6120bf2d6e8417e7c40bb57fb8a6954de9c86d3f43076a75b60cd23a2","/file.svg":"5a09df6187e21aa9a7d05094389385876ac93c818e1dcbb77a26a8fe408bf79c","/_not-found.html":"18c3533940d10165a69fbcd749a16ec4b42e76ecd679193d1c305db926527d21","/_global-error.html":"f07f0fd72352ac8e9beda8c2d3b52de0e5bbc44ee63fb8a92299390f9f11b1fd","/venue-analytics.html":"5271c0f33d006b422779a2a84f8176d8530e55d14782455aac416e1926704b6b","/validation.html":"26b1887529486526d91ad288fa6b47726f7851432a4deb9ce930f44f9862a06d","/upload.html":"e5982df2fe640ebbadec10c57959a71f231cace3568fc6bf17419c6ee65d6614","/team-report.html":"4581f3fa2995d8d66df3d42b7c36f43db3bb1f0fa5fae8606b9ee63f6a1be703","/team-expenses.html":"4b4f88a363d1111faf92196f2a5328104d3c103d6ac7b495679e2c9f3c0e1936","/settings.html":"d9969ea84d92f5c62f1f1a6761151f10b77395245cdcbe5efaa4b15da2d205a2","/settings-v6-mapping.html":"fcdfdcab43f2fcc244992a6ddd2b61670739cfdbbff2b29f9ae166323727e64b","/settings-revenue.html":"c2e2004b788a3b3c5ea9b14a032671f9f9561f20a43087f3dd90daf5d1bb807d","/settings-macro-mapping.html":"5d3ce388a4e1802ef72a8df96b824a2f0c27082a8bf22004af0a9a145e9d2bb2","/settings-logic.html":"523d2eded5e99d4a10e772f64fc52de9da9361e70f9e7d9e8a01e578d9dc020c","/settings-expense.html":"bde531ca6a6821ea08a88461ef7539289e8bd8f1a1e90617304007428e2669cb","/organization.html":"d89c18b02dbf203d3d46811db58792d82293c837f46c8755496547ef196b5699","/monthly-trends.html":"f57f38b6b0aa1240043ce39f6a20f0c054a24d66e14167ed43142e11cb87b31c","/login.html":"6d6ad1826a29ac3bbf814452933a7d357f2259e955049c72e2d43eefab734a13","/business-plan.html":"e7c0f439bf6e2cd9773694fbad50d0be9d05a417fad820b45fc3bc1ca5731769","/favicon.ico":"36eaaa9259cda5765c4061fa8b7bf61c74dbda3a2a721a0811c73f5dae61a2e9","/index.html":"fc565bb07ad18ee76b4f1598a78a37badb49a80f7621f097aeeda323e1f0c162","/500.html":"f07f0fd72352ac8e9beda8c2d3b52de0e5bbc44ee63fb8a92299390f9f11b1fd","/404.html":"18c3533940d10165a69fbcd749a16ec4b42e76ecd679193d1c305db926527d21","/_next/static/XyBSA7mtDoMwe8_pSJ3oe/_ssgManifest.js":"dc28a4dc92fe352ed5d2201bd3972ce47691bc8e89e0400a68d1541d0567c6d5","/_next/static/XyBSA7mtDoMwe8_pSJ3oe/_clientMiddlewareManifest.js":"5e57f6166b702492ab9551af57e4546546c184673a4c0432f73b96f62820f7eb","/_next/static/XyBSA7mtDoMwe8_pSJ3oe/_buildManifest.js":"dcbe1c9b9159ca21caea98e1bad364012ae284e9551375ca62b83d2811efac91","/_next/static/media/favicon.2vob68tjqpejf.ico":"36eaaa9259cda5765c4061fa8b7bf61c74dbda3a2a721a0811c73f5dae61a2e9","/_next/static/chunks/3f6_qdyjq7b2k.js":"5f4ae0b68afb81dfae3b99f81a6c70ee638170bfa44fca92a615ed14f900df9c","/_next/static/chunks/36jjbmc92whx2.js":"004641982e932e38500d35051fee5d9ecb119cf51fd7b619756f43f0d5949f89","/_next/static/chunks/40shl2cpy479i.js":"c3b0ce067e7b55181b2715711215f0581b03fac51def6b279a19ea262e7892a3","/_next/static/chunks/35echb8xmkny5.js":"5d49b4a021b93868b0611cc06ca4cef2bdb5df51c60d424886b2b3be40ea87d8","/_next/static/chunks/35g__nmxzi_ol.js":"5981f616481dba7aa437a5ec1251bcac093e1fc9705b838aab0127fdd534d8f5","/_next/static/chunks/310vm2bl3xxpt.js":"b9f691179b4eaf3e11c3df20deeefe2eeb94545eb88cde4d13a00a9c28d2fb3e","/_next/static/chunks/turbopack-0urkjn2zs_w5f.js":"f05a66a48173c160dfc5328a237dafdac57265db2b1e7f50434dfd285026ab32","/_next/static/chunks/2y5ig-0z6d-gm.js":"f00e7fe329bc790d8774b402eb341df5d99c1da31224e52cd4a32cb22ca6e342","/_next/static/chunks/3dyt500nbb6_k.js":"ac0d54e98dae7e32fc087d8ca093a7fbb3f20135e12a11d1bb73260d358d76f7","/_next/static/chunks/2mrstu94ubeor.js":"372cbf86a3f4b8cfa188ed5a39fa354a97fb59cdc30a06bb00f96643a3d53946","/_next/static/chunks/2mppua49u4ynt.js":"49de6adfb64f4bee8b15f5b8531e95f04822441f40978dd8488ed9b827331fd2","/_next/static/chunks/27jktro2p5rq9.js":"4abd627468d725439c15c278481cf6778688788f0ae05b8c237a23e43adfb539","/_next/static/chunks/21f8ktvu_-yd0.js":"28647f9d134a4e73a189b012f831332a09843e5e56bf84db3eb8435a1c820759","/_next/static/chunks/1rdygp80d3y1c.js":"1f2e9c2b580a6f464a5562ff56ef92468150ca3855bc97aebd16a2c5ddeaecd5","/_next/static/chunks/1ok1j4xjakqpx.js":"2e0257a15aa36e01e13aa1313bef4a0f1d85ad79787cfcccdc4637e51006e430","/_next/static/chunks/21b8_d1adgwlt.js":"17bb925a3f390a6c360acd60f020de9abea36d5dad0c5015860b3e6031dea09c","/_next/static/chunks/1wa50f0v9nw41.js":"ab5cf6a0a293cd58dd3660d6a03a06f4bf72ff2141f1d01202988771d5712f8c","/_next/static/chunks/1mj3rj9n8e20l.css":"e045006967e203888bc170122b0fb03f30fece7ab85d8fe19a2f4fbee16c6f96","/_next/static/chunks/10nm1gk8ktest.js":"4c29f871cb3c49c899662061512fda481bea2c759e12fbb5ac3486555652fb98","/_next/static/chunks/0wzxo4wshdwg-.js":"0a4a6d70d7e118bf460aedba7015c3f20c5181b5a542b29eebce5e7c1cba7fb4","/_next/static/chunks/0kk4rq9uiowoa.js":"25ecdb4d10ee86817be71b09ff72b57fd800ac440623d9e7c03e564d09b3b32a","/_next/static/chunks/0hhji0e-l-pbd.js":"0dccdc76fa3a4e29d6b7cf56f25569742e7258ad998a1f28621489f3bb070375","/_next/static/chunks/0ynq6xahs1yjk.js":"0c22ec12eb0945ce60f23361467f3986bf82b26cefc321e7bffe4e642f7e82cc","/_next/static/chunks/05-c3ty_6dwfk.js":"713a16172228e978ae302281c6866c5f8020fafd75b833b2184962f8bb8d2123","/shared/team-report.html":"c2998de780fa10b1415c99942319b4e114cfb65f5b8c8019b3cb5720a8ebefbd","/_next/static/chunks/2nn8ob5wdyw_i.js":"49c0a2f83978b9add91b3ec1c6a74519e5d62d33c1970626e1af72597e6c66aa","/_next/static/chunks/1-8s9_t85wwr4.js":"96b879118c6d6501b9644f68e6fb98d6beec93048709b3fd1239d77f9c8a9dac","/_next/static/chunks/1_ys9horwgz5l.js":"9c01c35cae686529598b729e724946593cb3ce5963c23ea2525216f5e705e20c","/_next/static/chunks/32vf4ni_y0jon.js":"ff211f8811b001ec4889575b6f6ab55bba448c1fb9fceb2abd7f7f51cacc68fb","/_next/static/chunks/0tyg4witcqfsp.js":"330870b78bbb4b889b47659bab94b60794b1bbec57095b8565b86205458a7bce","/_next/static/chunks/3n7dm2ojtyzwn.js":"f4a67600556819312c3d36a03b6a878b9f0f0d6861c2814d85c8a2ceb19e1754","/_next/static/chunks/21vyq_w472yxj.js":"f5d43a6cb0c2072dec1fd099b7e91e315e281c1f56ad8fb4df0eaebc78c84ad5","/_next/static/chunks/1esrn3_9vhndb.js":"812ff06c8e7e980d01e1fa4410f7510bc77f1164e20ea158f6d08e25632992e6","/_next/static/chunks/0cz1d0mv5g_q7.js":"18e28d3214eda45048d80d3925ea7627b809e69ad2e95f7f98459e9146a61c3d"}}
[debug] [2026-08-23T11:11:42.640Z] <<< [apiv2][status] POST https://firebasehosting.googleapis.com/v1beta1/projects/593133920835/sites/bell-operation/versions/d22a841b922f9c07:populateFiles 200
[debug] [2026-08-23T11:11:42.640Z] <<< [apiv2][body] POST https://firebasehosting.googleapis.com/v1beta1/projects/593133920835/sites/bell-operation/versions/d22a841b922f9c07:populateFiles {"uploadRequiredHashes":["c2e2004b788a3b3c5ea9b14a032671f9f9561f20a43087f3dd90daf5d1bb807d","fc565bb07ad18ee76b4f1598a78a37badb49a80f7621f097aeeda323e1f0c162","f57f38b6b0aa1240043ce39f6a20f0c054a24d66e14167ed43142e11cb87b31c","bde531ca6a6821ea08a88461ef7539289e8bd8f1a1e90617304007428e2669cb","18c3533940d10165a69fbcd749a16ec4b42e76ecd679193d1c305db926527d21","e7c0f439bf6e2cd9773694fbad50d0be9d05a417fad820b45fc3bc1ca5731769","f07f0fd72352ac8e9beda8c2d3b52de0e5bbc44ee63fb8a92299390f9f11b1fd","4581f3fa2995d8d66df3d42b7c36f43db3bb1f0fa5fae8606b9ee63f6a1be703","5271c0f33d006b422779a2a84f8176d8530e55d14782455aac416e1926704b6b","523d2eded5e99d4a10e772f64fc52de9da9361e70f9e7d9e8a01e578d9dc020c","6d6ad1826a29ac3bbf814452933a7d357f2259e955049c72e2d43eefab734a13","e5982df2fe640ebbadec10c57959a71f231cace3568fc6bf17419c6ee65d6614","5d3ce388a4e1802ef72a8df96b824a2f0c27082a8bf22004af0a9a145e9d2bb2","26b1887529486526d91ad288fa6b47726f7851432a4deb9ce930f44f9862a06d","4b4f88a363d1111faf92196f2a5328104d3c103d6ac7b495679e2c9f3c0e1936","d89c18b02dbf203d3d46811db58792d82293c837f46c8755496547ef196b5699","c2998de780fa10b1415c99942319b4e114cfb65f5b8c8019b3cb5720a8ebefbd","fcdfdcab43f2fcc244992a6ddd2b61670739cfdbbff2b29f9ae166323727e64b","d9969ea84d92f5c62f1f1a6761151f10b77395245cdcbe5efaa4b15da2d205a2"],"uploadUrl":"https://upload-firebasehosting.googleapis.com/upload/sites/bell-operation/versions/d22a841b922f9c07/files"}
[debug] [2026-08-23T11:11:42.641Z] Checked if tokens are valid: true, expires at: 1787486565315
[debug] [2026-08-23T11:11:42.641Z] Checked if tokens are valid: true, expires at: 1787486565315
[debug] [2026-08-23T11:11:42.641Z] Checked if tokens are valid: true, expires at: 1787486565315
[debug] [2026-08-23T11:11:42.641Z] Checked if tokens are valid: true, expires at: 1787486565315
[debug] [2026-08-23T11:11:42.641Z] Checked if tokens are valid: true, expires at: 1787486565315
[debug] [2026-08-23T11:11:42.641Z] Checked if tokens are valid: true, expires at: 1787486565315
[debug] [2026-08-23T11:11:42.641Z] Checked if tokens are valid: true, expires at: 1787486565315
[debug] [2026-08-23T11:11:42.641Z] Checked if tokens are valid: true, expires at: 1787486565315
[debug] [2026-08-23T11:11:42.641Z] Checked if tokens are valid: true, expires at: 1787486565315
[debug] [2026-08-23T11:11:42.641Z] Checked if tokens are valid: true, expires at: 1787486565315
[debug] [2026-08-23T11:11:42.641Z] Checked if tokens are valid: true, expires at: 1787486565315
[debug] [2026-08-23T11:11:42.641Z] Checked if tokens are valid: true, expires at: 1787486565315
[debug] [2026-08-23T11:11:42.641Z] Checked if tokens are valid: true, expires at: 1787486565315
[debug] [2026-08-23T11:11:42.641Z] Checked if tokens are valid: true, expires at: 1787486565315
[debug] [2026-08-23T11:11:42.641Z] Checked if tokens are valid: true, expires at: 1787486565315
[debug] [2026-08-23T11:11:42.641Z] Checked if tokens are valid: true, expires at: 1787486565315
[debug] [2026-08-23T11:11:42.641Z] Checked if tokens are valid: true, expires at: 1787486565315
[debug] [2026-08-23T11:11:42.641Z] Checked if tokens are valid: true, expires at: 1787486565315
[debug] [2026-08-23T11:11:42.641Z] Checked if tokens are valid: true, expires at: 1787486565315
[debug] [2026-08-23T11:11:42.641Z] Checked if tokens are valid: true, expires at: 1787486565315
[debug] [2026-08-23T11:11:42.641Z] Checked if tokens are valid: true, expires at: 1787486565315
[debug] [2026-08-23T11:11:42.641Z] Checked if tokens are valid: true, expires at: 1787486565315
[debug] [2026-08-23T11:11:42.641Z] Checked if tokens are valid: true, expires at: 1787486565315
[debug] [2026-08-23T11:11:42.641Z] Checked if tokens are valid: true, expires at: 1787486565315
[debug] [2026-08-23T11:11:42.641Z] Checked if tokens are valid: true, expires at: 1787486565315
[debug] [2026-08-23T11:11:42.641Z] Checked if tokens are valid: true, expires at: 1787486565315
[debug] [2026-08-23T11:11:42.641Z] Checked if tokens are valid: true, expires at: 1787486565315
[debug] [2026-08-23T11:11:42.641Z] Checked if tokens are valid: true, expires at: 1787486565315
[debug] [2026-08-23T11:11:42.641Z] Checked if tokens are valid: true, expires at: 1787486565315
[debug] [2026-08-23T11:11:42.641Z] Checked if tokens are valid: true, expires at: 1787486565315
[debug] [2026-08-23T11:11:42.641Z] Checked if tokens are valid: true, expires at: 1787486565315
[debug] [2026-08-23T11:11:42.641Z] Checked if tokens are valid: true, expires at: 1787486565315
[debug] [2026-08-23T11:11:42.641Z] Checked if tokens are valid: true, expires at: 1787486565315
[debug] [2026-08-23T11:11:42.641Z] Checked if tokens are valid: true, expires at: 1787486565315
[debug] [2026-08-23T11:11:42.641Z] Checked if tokens are valid: true, expires at: 1787486565315
[debug] [2026-08-23T11:11:42.641Z] Checked if tokens are valid: true, expires at: 1787486565315
[debug] [2026-08-23T11:11:42.641Z] Checked if tokens are valid: true, expires at: 1787486565315
[debug] [2026-08-23T11:11:42.641Z] Checked if tokens are valid: true, expires at: 1787486565315
[debug] [2026-08-23T11:11:42.641Z] >>> [apiv2][query] POST https://upload-firebasehosting.googleapis.com/upload/sites/bell-operation/versions/d22a841b922f9c07/files/c2e2004b788a3b3c5ea9b14a032671f9f9561f20a43087f3dd90daf5d1bb807d [none]
[debug] [2026-08-23T11:11:42.641Z] >>> [apiv2][body] POST https://upload-firebasehosting.googleapis.com/upload/sites/bell-operation/versions/d22a841b922f9c07/files/c2e2004b788a3b3c5ea9b14a032671f9f9561f20a43087f3dd90daf5d1bb807d [stream]
[debug] [2026-08-23T11:11:42.642Z] >>> [apiv2][query] POST https://upload-firebasehosting.googleapis.com/upload/sites/bell-operation/versions/d22a841b922f9c07/files/fc565bb07ad18ee76b4f1598a78a37badb49a80f7621f097aeeda323e1f0c162 [none]
[debug] [2026-08-23T11:11:42.642Z] >>> [apiv2][body] POST https://upload-firebasehosting.googleapis.com/upload/sites/bell-operation/versions/d22a841b922f9c07/files/fc565bb07ad18ee76b4f1598a78a37badb49a80f7621f097aeeda323e1f0c162 [stream]
[debug] [2026-08-23T11:11:42.642Z] >>> [apiv2][query] POST https://upload-firebasehosting.googleapis.com/upload/sites/bell-operation/versions/d22a841b922f9c07/files/f57f38b6b0aa1240043ce39f6a20f0c054a24d66e14167ed43142e11cb87b31c [none]
[debug] [2026-08-23T11:11:42.642Z] >>> [apiv2][body] POST https://upload-firebasehosting.googleapis.com/upload/sites/bell-operation/versions/d22a841b922f9c07/files/f57f38b6b0aa1240043ce39f6a20f0c054a24d66e14167ed43142e11cb87b31c [stream]
[debug] [2026-08-23T11:11:42.643Z] >>> [apiv2][query] POST https://upload-firebasehosting.googleapis.com/upload/sites/bell-operation/versions/d22a841b922f9c07/files/bde531ca6a6821ea08a88461ef7539289e8bd8f1a1e90617304007428e2669cb [none]
[debug] [2026-08-23T11:11:42.643Z] >>> [apiv2][body] POST https://upload-firebasehosting.googleapis.com/upload/sites/bell-operation/versions/d22a841b922f9c07/files/bde531ca6a6821ea08a88461ef7539289e8bd8f1a1e90617304007428e2669cb [stream]
[debug] [2026-08-23T11:11:42.643Z] >>> [apiv2][query] POST https://upload-firebasehosting.googleapis.com/upload/sites/bell-operation/versions/d22a841b922f9c07/files/18c3533940d10165a69fbcd749a16ec4b42e76ecd679193d1c305db926527d21 [none]
[debug] [2026-08-23T11:11:42.643Z] >>> [apiv2][body] POST https://upload-firebasehosting.googleapis.com/upload/sites/bell-operation/versions/d22a841b922f9c07/files/18c3533940d10165a69fbcd749a16ec4b42e76ecd679193d1c305db926527d21 [stream]
[debug] [2026-08-23T11:11:42.643Z] >>> [apiv2][query] POST https://upload-firebasehosting.googleapis.com/upload/sites/bell-operation/versions/d22a841b922f9c07/files/e7c0f439bf6e2cd9773694fbad50d0be9d05a417fad820b45fc3bc1ca5731769 [none]
[debug] [2026-08-23T11:11:42.643Z] >>> [apiv2][body] POST https://upload-firebasehosting.googleapis.com/upload/sites/bell-operation/versions/d22a841b922f9c07/files/e7c0f439bf6e2cd9773694fbad50d0be9d05a417fad820b45fc3bc1ca5731769 [stream]
[debug] [2026-08-23T11:11:42.643Z] >>> [apiv2][query] POST https://upload-firebasehosting.googleapis.com/upload/sites/bell-operation/versions/d22a841b922f9c07/files/f07f0fd72352ac8e9beda8c2d3b52de0e5bbc44ee63fb8a92299390f9f11b1fd [none]
[debug] [2026-08-23T11:11:42.643Z] >>> [apiv2][body] POST https://upload-firebasehosting.googleapis.com/upload/sites/bell-operation/versions/d22a841b922f9c07/files/f07f0fd72352ac8e9beda8c2d3b52de0e5bbc44ee63fb8a92299390f9f11b1fd [stream]
[debug] [2026-08-23T11:11:42.644Z] >>> [apiv2][query] POST https://upload-firebasehosting.googleapis.com/upload/sites/bell-operation/versions/d22a841b922f9c07/files/4581f3fa2995d8d66df3d42b7c36f43db3bb1f0fa5fae8606b9ee63f6a1be703 [none]
[debug] [2026-08-23T11:11:42.644Z] >>> [apiv2][body] POST https://upload-firebasehosting.googleapis.com/upload/sites/bell-operation/versions/d22a841b922f9c07/files/4581f3fa2995d8d66df3d42b7c36f43db3bb1f0fa5fae8606b9ee63f6a1be703 [stream]
[debug] [2026-08-23T11:11:42.644Z] >>> [apiv2][query] POST https://upload-firebasehosting.googleapis.com/upload/sites/bell-operation/versions/d22a841b922f9c07/files/5271c0f33d006b422779a2a84f8176d8530e55d14782455aac416e1926704b6b [none]
[debug] [2026-08-23T11:11:42.644Z] >>> [apiv2][body] POST https://upload-firebasehosting.googleapis.com/upload/sites/bell-operation/versions/d22a841b922f9c07/files/5271c0f33d006b422779a2a84f8176d8530e55d14782455aac416e1926704b6b [stream]
[debug] [2026-08-23T11:11:42.644Z] >>> [apiv2][query] POST https://upload-firebasehosting.googleapis.com/upload/sites/bell-operation/versions/d22a841b922f9c07/files/523d2eded5e99d4a10e772f64fc52de9da9361e70f9e7d9e8a01e578d9dc020c [none]
[debug] [2026-08-23T11:11:42.644Z] >>> [apiv2][body] POST https://upload-firebasehosting.googleapis.com/upload/sites/bell-operation/versions/d22a841b922f9c07/files/523d2eded5e99d4a10e772f64fc52de9da9361e70f9e7d9e8a01e578d9dc020c [stream]
[debug] [2026-08-23T11:11:42.645Z] >>> [apiv2][query] POST https://upload-firebasehosting.googleapis.com/upload/sites/bell-operation/versions/d22a841b922f9c07/files/6d6ad1826a29ac3bbf814452933a7d357f2259e955049c72e2d43eefab734a13 [none]
[debug] [2026-08-23T11:11:42.645Z] >>> [apiv2][body] POST https://upload-firebasehosting.googleapis.com/upload/sites/bell-operation/versions/d22a841b922f9c07/files/6d6ad1826a29ac3bbf814452933a7d357f2259e955049c72e2d43eefab734a13 [stream]
[debug] [2026-08-23T11:11:42.645Z] >>> [apiv2][query] POST https://upload-firebasehosting.googleapis.com/upload/sites/bell-operation/versions/d22a841b922f9c07/files/e5982df2fe640ebbadec10c57959a71f231cace3568fc6bf17419c6ee65d6614 [none]
[debug] [2026-08-23T11:11:42.645Z] >>> [apiv2][body] POST https://upload-firebasehosting.googleapis.com/upload/sites/bell-operation/versions/d22a841b922f9c07/files/e5982df2fe640ebbadec10c57959a71f231cace3568fc6bf17419c6ee65d6614 [stream]
[debug] [2026-08-23T11:11:42.645Z] >>> [apiv2][query] POST https://upload-firebasehosting.googleapis.com/upload/sites/bell-operation/versions/d22a841b922f9c07/files/5d3ce388a4e1802ef72a8df96b824a2f0c27082a8bf22004af0a9a145e9d2bb2 [none]
[debug] [2026-08-23T11:11:42.645Z] >>> [apiv2][body] POST https://upload-firebasehosting.googleapis.com/upload/sites/bell-operation/versions/d22a841b922f9c07/files/5d3ce388a4e1802ef72a8df96b824a2f0c27082a8bf22004af0a9a145e9d2bb2 [stream]
[debug] [2026-08-23T11:11:42.645Z] >>> [apiv2][query] POST https://upload-firebasehosting.googleapis.com/upload/sites/bell-operation/versions/d22a841b922f9c07/files/26b1887529486526d91ad288fa6b47726f7851432a4deb9ce930f44f9862a06d [none]
[debug] [2026-08-23T11:11:42.645Z] >>> [apiv2][body] POST https://upload-firebasehosting.googleapis.com/upload/sites/bell-operation/versions/d22a841b922f9c07/files/26b1887529486526d91ad288fa6b47726f7851432a4deb9ce930f44f9862a06d [stream]
[debug] [2026-08-23T11:11:42.646Z] >>> [apiv2][query] POST https://upload-firebasehosting.googleapis.com/upload/sites/bell-operation/versions/d22a841b922f9c07/files/4b4f88a363d1111faf92196f2a5328104d3c103d6ac7b495679e2c9f3c0e1936 [none]
[debug] [2026-08-23T11:11:42.646Z] >>> [apiv2][body] POST https://upload-firebasehosting.googleapis.com/upload/sites/bell-operation/versions/d22a841b922f9c07/files/4b4f88a363d1111faf92196f2a5328104d3c103d6ac7b495679e2c9f3c0e1936 [stream]
[debug] [2026-08-23T11:11:42.647Z] >>> [apiv2][query] POST https://upload-firebasehosting.googleapis.com/upload/sites/bell-operation/versions/d22a841b922f9c07/files/d89c18b02dbf203d3d46811db58792d82293c837f46c8755496547ef196b5699 [none]
[debug] [2026-08-23T11:11:42.647Z] >>> [apiv2][body] POST https://upload-firebasehosting.googleapis.com/upload/sites/bell-operation/versions/d22a841b922f9c07/files/d89c18b02dbf203d3d46811db58792d82293c837f46c8755496547ef196b5699 [stream]
[debug] [2026-08-23T11:11:42.647Z] >>> [apiv2][query] POST https://upload-firebasehosting.googleapis.com/upload/sites/bell-operation/versions/d22a841b922f9c07/files/c2998de780fa10b1415c99942319b4e114cfb65f5b8c8019b3cb5720a8ebefbd [none]
[debug] [2026-08-23T11:11:42.647Z] >>> [apiv2][body] POST https://upload-firebasehosting.googleapis.com/upload/sites/bell-operation/versions/d22a841b922f9c07/files/c2998de780fa10b1415c99942319b4e114cfb65f5b8c8019b3cb5720a8ebefbd [stream]
[debug] [2026-08-23T11:11:42.647Z] >>> [apiv2][query] POST https://upload-firebasehosting.googleapis.com/upload/sites/bell-operation/versions/d22a841b922f9c07/files/fcdfdcab43f2fcc244992a6ddd2b61670739cfdbbff2b29f9ae166323727e64b [none]
[debug] [2026-08-23T11:11:42.647Z] >>> [apiv2][body] POST https://upload-firebasehosting.googleapis.com/upload/sites/bell-operation/versions/d22a841b922f9c07/files/fcdfdcab43f2fcc244992a6ddd2b61670739cfdbbff2b29f9ae166323727e64b [stream]
[debug] [2026-08-23T11:11:42.648Z] >>> [apiv2][query] POST https://upload-firebasehosting.googleapis.com/upload/sites/bell-operation/versions/d22a841b922f9c07/files/d9969ea84d92f5c62f1f1a6761151f10b77395245cdcbe5efaa4b15da2d205a2 [none]
[debug] [2026-08-23T11:11:42.648Z] >>> [apiv2][body] POST https://upload-firebasehosting.googleapis.com/upload/sites/bell-operation/versions/d22a841b922f9c07/files/d9969ea84d92f5c62f1f1a6761151f10b77395245cdcbe5efaa4b15da2d205a2 [stream]
[debug] [2026-08-23T11:11:42.648Z] [hosting][populate queue][FINAL] {"max":954,"min":954,"avg":954,"active":0,"complete":1,"success":1,"errored":0,"retried":0,"total":1,"elapsed":961}
[debug] [2026-08-23T11:11:42.648Z] [hosting] uploads queued: 19
[info] i  hosting: uploading new files [0/19] (0%) 
[debug] [2026-08-23T11:11:43.992Z] <<< [apiv2][status] POST https://upload-firebasehosting.googleapis.com/upload/sites/bell-operation/versions/d22a841b922f9c07/files/c2e2004b788a3b3c5ea9b14a032671f9f9561f20a43087f3dd90daf5d1bb807d 200
[debug] [2026-08-23T11:11:43.992Z] <<< [apiv2][body] POST https://upload-firebasehosting.googleapis.com/upload/sites/bell-operation/versions/d22a841b922f9c07/files/c2e2004b788a3b3c5ea9b14a032671f9f9561f20a43087f3dd90daf5d1bb807d [stream]
[debug] [2026-08-23T11:11:44.177Z] <<< [apiv2][status] POST https://upload-firebasehosting.googleapis.com/upload/sites/bell-operation/versions/d22a841b922f9c07/files/18c3533940d10165a69fbcd749a16ec4b42e76ecd679193d1c305db926527d21 200
[debug] [2026-08-23T11:11:44.178Z] <<< [apiv2][body] POST https://upload-firebasehosting.googleapis.com/upload/sites/bell-operation/versions/d22a841b922f9c07/files/18c3533940d10165a69fbcd749a16ec4b42e76ecd679193d1c305db926527d21 [stream]
[debug] [2026-08-23T11:11:44.189Z] <<< [apiv2][status] POST https://upload-firebasehosting.googleapis.com/upload/sites/bell-operation/versions/d22a841b922f9c07/files/523d2eded5e99d4a10e772f64fc52de9da9361e70f9e7d9e8a01e578d9dc020c 200
[debug] [2026-08-23T11:11:44.189Z] <<< [apiv2][body] POST https://upload-firebasehosting.googleapis.com/upload/sites/bell-operation/versions/d22a841b922f9c07/files/523d2eded5e99d4a10e772f64fc52de9da9361e70f9e7d9e8a01e578d9dc020c [stream]
[debug] [2026-08-23T11:11:44.192Z] <<< [apiv2][status] POST https://upload-firebasehosting.googleapis.com/upload/sites/bell-operation/versions/d22a841b922f9c07/files/e5982df2fe640ebbadec10c57959a71f231cace3568fc6bf17419c6ee65d6614 200
[debug] [2026-08-23T11:11:44.192Z] <<< [apiv2][body] POST https://upload-firebasehosting.googleapis.com/upload/sites/bell-operation/versions/d22a841b922f9c07/files/e5982df2fe640ebbadec10c57959a71f231cace3568fc6bf17419c6ee65d6614 [stream]
[debug] [2026-08-23T11:11:44.230Z] <<< [apiv2][status] POST https://upload-firebasehosting.googleapis.com/upload/sites/bell-operation/versions/d22a841b922f9c07/files/e7c0f439bf6e2cd9773694fbad50d0be9d05a417fad820b45fc3bc1ca5731769 200
[debug] [2026-08-23T11:11:44.230Z] <<< [apiv2][body] POST https://upload-firebasehosting.googleapis.com/upload/sites/bell-operation/versions/d22a841b922f9c07/files/e7c0f439bf6e2cd9773694fbad50d0be9d05a417fad820b45fc3bc1ca5731769 [stream]
[debug] [2026-08-23T11:11:44.241Z] <<< [apiv2][status] POST https://upload-firebasehosting.googleapis.com/upload/sites/bell-operation/versions/d22a841b922f9c07/files/fcdfdcab43f2fcc244992a6ddd2b61670739cfdbbff2b29f9ae166323727e64b 200
[debug] [2026-08-23T11:11:44.241Z] <<< [apiv2][body] POST https://upload-firebasehosting.googleapis.com/upload/sites/bell-operation/versions/d22a841b922f9c07/files/fcdfdcab43f2fcc244992a6ddd2b61670739cfdbbff2b29f9ae166323727e64b [stream]
[debug] [2026-08-23T11:11:44.294Z] <<< [apiv2][status] POST https://upload-firebasehosting.googleapis.com/upload/sites/bell-operation/versions/d22a841b922f9c07/files/c2998de780fa10b1415c99942319b4e114cfb65f5b8c8019b3cb5720a8ebefbd 200
[debug] [2026-08-23T11:11:44.294Z] <<< [apiv2][body] POST https://upload-firebasehosting.googleapis.com/upload/sites/bell-operation/versions/d22a841b922f9c07/files/c2998de780fa10b1415c99942319b4e114cfb65f5b8c8019b3cb5720a8ebefbd [stream]
[debug] [2026-08-23T11:11:44.309Z] <<< [apiv2][status] POST https://upload-firebasehosting.googleapis.com/upload/sites/bell-operation/versions/d22a841b922f9c07/files/4b4f88a363d1111faf92196f2a5328104d3c103d6ac7b495679e2c9f3c0e1936 200
[debug] [2026-08-23T11:11:44.309Z] <<< [apiv2][body] POST https://upload-firebasehosting.googleapis.com/upload/sites/bell-operation/versions/d22a841b922f9c07/files/4b4f88a363d1111faf92196f2a5328104d3c103d6ac7b495679e2c9f3c0e1936 [stream]
[debug] [2026-08-23T11:11:44.321Z] <<< [apiv2][status] POST https://upload-firebasehosting.googleapis.com/upload/sites/bell-operation/versions/d22a841b922f9c07/files/5d3ce388a4e1802ef72a8df96b824a2f0c27082a8bf22004af0a9a145e9d2bb2 200
[debug] [2026-08-23T11:11:44.321Z] <<< [apiv2][body] POST https://upload-firebasehosting.googleapis.com/upload/sites/bell-operation/versions/d22a841b922f9c07/files/5d3ce388a4e1802ef72a8df96b824a2f0c27082a8bf22004af0a9a145e9d2bb2 [stream]
[debug] [2026-08-23T11:11:44.327Z] <<< [apiv2][status] POST https://upload-firebasehosting.googleapis.com/upload/sites/bell-operation/versions/d22a841b922f9c07/files/f07f0fd72352ac8e9beda8c2d3b52de0e5bbc44ee63fb8a92299390f9f11b1fd 200
[debug] [2026-08-23T11:11:44.327Z] <<< [apiv2][body] POST https://upload-firebasehosting.googleapis.com/upload/sites/bell-operation/versions/d22a841b922f9c07/files/f07f0fd72352ac8e9beda8c2d3b52de0e5bbc44ee63fb8a92299390f9f11b1fd [stream]
[debug] [2026-08-23T11:11:44.350Z] <<< [apiv2][status] POST https://upload-firebasehosting.googleapis.com/upload/sites/bell-operation/versions/d22a841b922f9c07/files/d9969ea84d92f5c62f1f1a6761151f10b77395245cdcbe5efaa4b15da2d205a2 200
[debug] [2026-08-23T11:11:44.350Z] <<< [apiv2][body] POST https://upload-firebasehosting.googleapis.com/upload/sites/bell-operation/versions/d22a841b922f9c07/files/d9969ea84d92f5c62f1f1a6761151f10b77395245cdcbe5efaa4b15da2d205a2 [stream]
[debug] [2026-08-23T11:11:44.362Z] <<< [apiv2][status] POST https://upload-firebasehosting.googleapis.com/upload/sites/bell-operation/versions/d22a841b922f9c07/files/d89c18b02dbf203d3d46811db58792d82293c837f46c8755496547ef196b5699 200
[debug] [2026-08-23T11:11:44.362Z] <<< [apiv2][body] POST https://upload-firebasehosting.googleapis.com/upload/sites/bell-operation/versions/d22a841b922f9c07/files/d89c18b02dbf203d3d46811db58792d82293c837f46c8755496547ef196b5699 [stream]
[debug] [2026-08-23T11:11:44.370Z] <<< [apiv2][status] POST https://upload-firebasehosting.googleapis.com/upload/sites/bell-operation/versions/d22a841b922f9c07/files/f57f38b6b0aa1240043ce39f6a20f0c054a24d66e14167ed43142e11cb87b31c 200
[debug] [2026-08-23T11:11:44.370Z] <<< [apiv2][body] POST https://upload-firebasehosting.googleapis.com/upload/sites/bell-operation/versions/d22a841b922f9c07/files/f57f38b6b0aa1240043ce39f6a20f0c054a24d66e14167ed43142e11cb87b31c [stream]
[debug] [2026-08-23T11:11:44.412Z] <<< [apiv2][status] POST https://upload-firebasehosting.googleapis.com/upload/sites/bell-operation/versions/d22a841b922f9c07/files/4581f3fa2995d8d66df3d42b7c36f43db3bb1f0fa5fae8606b9ee63f6a1be703 200
[debug] [2026-08-23T11:11:44.412Z] <<< [apiv2][body] POST https://upload-firebasehosting.googleapis.com/upload/sites/bell-operation/versions/d22a841b922f9c07/files/4581f3fa2995d8d66df3d42b7c36f43db3bb1f0fa5fae8606b9ee63f6a1be703 [stream]
[debug] [2026-08-23T11:11:44.466Z] <<< [apiv2][status] POST https://upload-firebasehosting.googleapis.com/upload/sites/bell-operation/versions/d22a841b922f9c07/files/26b1887529486526d91ad288fa6b47726f7851432a4deb9ce930f44f9862a06d 200
[debug] [2026-08-23T11:11:44.466Z] <<< [apiv2][body] POST https://upload-firebasehosting.googleapis.com/upload/sites/bell-operation/versions/d22a841b922f9c07/files/26b1887529486526d91ad288fa6b47726f7851432a4deb9ce930f44f9862a06d [stream]
[debug] [2026-08-23T11:11:44.474Z] <<< [apiv2][status] POST https://upload-firebasehosting.googleapis.com/upload/sites/bell-operation/versions/d22a841b922f9c07/files/bde531ca6a6821ea08a88461ef7539289e8bd8f1a1e90617304007428e2669cb 200
[debug] [2026-08-23T11:11:44.474Z] <<< [apiv2][body] POST https://upload-firebasehosting.googleapis.com/upload/sites/bell-operation/versions/d22a841b922f9c07/files/bde531ca6a6821ea08a88461ef7539289e8bd8f1a1e90617304007428e2669cb [stream]
[debug] [2026-08-23T11:11:44.483Z] <<< [apiv2][status] POST https://upload-firebasehosting.googleapis.com/upload/sites/bell-operation/versions/d22a841b922f9c07/files/5271c0f33d006b422779a2a84f8176d8530e55d14782455aac416e1926704b6b 200
[debug] [2026-08-23T11:11:44.483Z] <<< [apiv2][body] POST https://upload-firebasehosting.googleapis.com/upload/sites/bell-operation/versions/d22a841b922f9c07/files/5271c0f33d006b422779a2a84f8176d8530e55d14782455aac416e1926704b6b [stream]
[debug] [2026-08-23T11:11:44.550Z] <<< [apiv2][status] POST https://upload-firebasehosting.googleapis.com/upload/sites/bell-operation/versions/d22a841b922f9c07/files/fc565bb07ad18ee76b4f1598a78a37badb49a80f7621f097aeeda323e1f0c162 200
[debug] [2026-08-23T11:11:44.550Z] <<< [apiv2][body] POST https://upload-firebasehosting.googleapis.com/upload/sites/bell-operation/versions/d22a841b922f9c07/files/fc565bb07ad18ee76b4f1598a78a37badb49a80f7621f097aeeda323e1f0c162 [stream]
[debug] [2026-08-23T11:11:44.699Z] <<< [apiv2][status] POST https://upload-firebasehosting.googleapis.com/upload/sites/bell-operation/versions/d22a841b922f9c07/files/6d6ad1826a29ac3bbf814452933a7d357f2259e955049c72e2d43eefab734a13 200
[debug] [2026-08-23T11:11:44.699Z] <<< [apiv2][body] POST https://upload-firebasehosting.googleapis.com/upload/sites/bell-operation/versions/d22a841b922f9c07/files/6d6ad1826a29ac3bbf814452933a7d357f2259e955049c72e2d43eefab734a13 [stream]
[debug] [2026-08-23T11:11:44.700Z] [hosting][upload queue][FINAL] {"max":2059,"min":1352,"avg":1698.0526315789473,"active":0,"complete":19,"success":19,"errored":0,"retried":0,"total":19,"elapsed":2060}
[info] i  hosting: upload complete 
[info] +  hosting[bell-operation]: file upload complete 
[debug] [2026-08-23T11:11:44.700Z] [hosting] deploy completed after 3312ms
[info] i  functions: updating Node.js 24 (2nd Gen) function firebase-frameworks-bell-operation:ssrbelloperation(us-central1)... 
[debug] [2026-08-23T11:11:44.702Z] Checked if tokens are valid: true, expires at: 1787486565315
[debug] [2026-08-23T11:11:44.702Z] Checked if tokens are valid: true, expires at: 1787486565315
[debug] [2026-08-23T11:11:44.702Z] >>> [apiv2][query] PATCH https://cloudfunctions.googleapis.com/v2/projects/bell-operation/locations/us-central1/functions/ssrbelloperation updateMask=name%2CbuildConfig.runtime%2CbuildConfig.entryPoint%2CbuildConfig.source.storageSource.bucket%2CbuildConfig.source.storageSource.object%2CbuildConfig.environmentVariables%2CbuildConfig.sourceToken%2CserviceConfig.environmentVariables%2CserviceConfig.ingressSettings%2CserviceConfig.timeoutSeconds%2CserviceConfig.serviceAccountEmail%2CserviceConfig.availableMemory%2CserviceConfig.minInstanceCount%2CserviceConfig.maxInstanceCount%2CserviceConfig.maxInstanceRequestConcurrency%2CserviceConfig.availableCpu%2CserviceConfig.vpcConnector%2CserviceConfig.vpcConnectorEgressSettings%2CserviceConfig.directVpcNetworkInterface%2CserviceConfig.directVpcEgress%2Clabels
[debug] [2026-08-23T11:11:44.702Z] >>> [apiv2][body] PATCH https://cloudfunctions.googleapis.com/v2/projects/bell-operation/locations/us-central1/functions/ssrbelloperation {"name":"projects/bell-operation/locations/us-central1/functions/ssrbelloperation","buildConfig":{"runtime":"nodejs24","entryPoint":"ssrbelloperation","source":{"storageSource":{"bucket":"gcf-v2-uploads-593133920835.us-central1.cloudfunctions.appspot.com","object":"c263dc1e-3685-481f-8b31-ed14b7be98dc.zip"}},"environmentVariables":{"GOOGLE_NODE_RUN_SCRIPTS":""}},"serviceConfig":{"environmentVariables":{"VERCEL_URL":"bell-operation.web.app","__FIREBASE_FRAMEWORKS_ENTRY__":"next.js","__FIREBASE_DEFAULTS__":"{\"config\":{\"projectId\":\"bell-operation\",\"appId\":\"1:593133920835:web:61f25b39170b2f62ce6af6\",\"storageBucket\":\"bell-operation.firebasestorage.app\",\"apiKey\":\"AIzaSyC3cAL9Qr3ke0pVsMENWQNp75OLFjECpxo\",\"authDomain\":\"bell-operation.firebaseapp.com\",\"messagingSenderId\":\"593133920835\",\"projectNumber\":\"593133920835\",\"version\":\"2\"},\"_authTokenSyncURL\":\"/__session\"}","FIREBASE_CONFIG":"{\"projectId\":\"bell-operation\",\"storageBucket\":\"bell-operation.firebasestorage.app\"}","GCLOUD_PROJECT":"bell-operation","EVENTARC_CLOUD_EVENT_SOURCE":"projects/bell-operation/locations/us-central1/services/ssrbelloperation","FUNCTION_TARGET":"ssrbelloperation","LOG_EXECUTION_ID":"true"},"ingressSettings":null,"timeoutSeconds":null,"serviceAccountEmail":null,"availableMemory":"256Mi","minInstanceCount":null,"maxInstanceCount":null,"maxInstanceRequestConcurrency":80,"availableCpu":"1","vpcConnector":null,"vpcConnectorEgressSettings":null,"directVpcNetworkInterface":null,"directVpcEgress":null},"labels":{"deployment-tool":"cli-firebase","firebase-functions-codebase":"firebase-frameworks-bell-operation","firebase-functions-hash":"2d9db122ac328b191f12d22999ac795748acf622"}}
[debug] [2026-08-23T11:11:46.983Z] <<< [apiv2][status] PATCH https://cloudfunctions.googleapis.com/v2/projects/bell-operation/locations/us-central1/functions/ssrbelloperation 200
[debug] [2026-08-23T11:11:46.983Z] <<< [apiv2][body] PATCH https://cloudfunctions.googleapis.com/v2/projects/bell-operation/locations/us-central1/functions/ssrbelloperation {"name":"projects/bell-operation/locations/us-central1/operations/operation-1787483505910-659b4ef69647a-773bf93b-760d9289","metadata":{"@type":"type.googleapis.com/google.cloud.functions.v2.OperationMetadata","createTime":"2026-08-23T11:11:47.008553372Z","target":"projects/bell-operation/locations/us-central1/functions/ssrbelloperation","verb":"update","cancelRequested":false,"apiVersion":"v2"},"done":false}
[debug] [2026-08-23T11:11:46.984Z] Checked if tokens are valid: true, expires at: 1787486565315
[debug] [2026-08-23T11:11:46.984Z] Checked if tokens are valid: true, expires at: 1787486565315
[debug] [2026-08-23T11:11:46.984Z] >>> [apiv2][query] GET https://cloudfunctions.googleapis.com/v2/projects/bell-operation/locations/us-central1/operations/operation-1787483505910-659b4ef69647a-773bf93b-760d9289 [none]
[debug] [2026-08-23T11:11:48.134Z] <<< [apiv2][status] GET https://cloudfunctions.googleapis.com/v2/projects/bell-operation/locations/us-central1/operations/operation-1787483505910-659b4ef69647a-773bf93b-760d9289 200
[debug] [2026-08-23T11:11:48.134Z] <<< [apiv2][body] GET https://cloudfunctions.googleapis.com/v2/projects/bell-operation/locations/us-central1/operations/operation-1787483505910-659b4ef69647a-773bf93b-760d9289 {"name":"projects/bell-operation/locations/us-central1/operations/operation-1787483505910-659b4ef69647a-773bf93b-760d9289","metadata":{"@type":"type.googleapis.com/google.cloud.functions.v2.OperationMetadata","createTime":"2026-08-23T11:11:47.008553372Z","target":"projects/bell-operation/locations/us-central1/functions/ssrbelloperation","verb":"update","cancelRequested":false,"apiVersion":"v2","requestResource":{"@type":"type.googleapis.com/google.cloud.functions.v2.Function","name":"projects/bell-operation/locations/us-central1/functions/ssrbelloperation","buildConfig":{"runtime":"nodejs24","entryPoint":"ssrbelloperation","source":{"storageSource":{"bucket":"gcf-v2-sources-593133920835-us-central1","object":"ssrbelloperation/function-source.zip","generation":"1787483506921641"}},"environmentVariables":{"GOOGLE_NODE_RUN_SCRIPTS":""},"dockerRepository":"projects/bell-operation/locations/us-central1/repositories/gcf-artifacts","sourceProvenance":{"resolvedStorageSource":{"bucket":"gcf-v2-sources-593133920835-us-central1","object":"ssrbelloperation/function-source.zip","generation":"1787483169334183"}},"dockerRegistry":"ARTIFACT_REGISTRY","serviceAccount":"projects/bell-operation/serviceAccounts/593133920835-compute@developer.gserviceaccount.com","automaticUpdatePolicy":{}},"serviceConfig":{"service":"projects/bell-operation/locations/us-central1/services/ssrbelloperation","timeoutSeconds":60,"environmentVariables":{"VERCEL_URL":"bell-operation.web.app","__FIREBASE_FRAMEWORKS_ENTRY__":"next.js","__FIREBASE_DEFAULTS__":"{\"config\":{\"projectId\":\"bell-operation\",\"appId\":\"1:593133920835:web:61f25b39170b2f62ce6af6\",\"storageBucket\":\"bell-operation.firebasestorage.app\",\"apiKey\":\"AIzaSyC3cAL9Qr3ke0pVsMENWQNp75OLFjECpxo\",\"authDomain\":\"bell-operation.firebaseapp.com\",\"messagingSenderId\":\"593133920835\",\"projectNumber\":\"593133920835\",\"version\":\"2\"},\"_authTokenSyncURL\":\"/__session\"}","FIREBASE_CONFIG":"{\"projectId\":\"bell-operation\",\"storageBucket\":\"bell-operation.firebasestorage.app\"}","GCLOUD_PROJECT":"bell-operation","EVENTARC_CLOUD_EVENT_SOURCE":"projects/bell-operation/locations/us-central1/services/ssrbelloperation","FUNCTION_TARGET":"ssrbelloperation","LOG_EXECUTION_ID":"true"},"ingressSettings":"ALLOW_ALL","uri":"https://ssrbelloperation-7tgdkyp2uq-uc.a.run.app","serviceAccountEmail":"593133920835-compute@developer.gserviceaccount.com","availableMemory":"256Mi","allTrafficOnLatestRevision":true,"revision":"ssrbelloperation-01148-lit","maxInstanceRequestConcurrency":80,"availableCpu":"1"},"state":"ACTIVE","labels":{"deployment-tool":"cloud-console","firebase-functions-codebase":"firebase-frameworks-bell-operation","firebase-functions-hash":"2d9db122ac328b191f12d22999ac795748acf622"},"environment":"GEN_2","url":"https://us-central1-bell-operation.cloudfunctions.net/ssrbelloperation","satisfiesPzi":true},"stages":[{"name":"BUILD","message":"Build in progress","state":"IN_PROGRESS","resource":"projects/593133920835/locations/us-central1/builds/5008a70e-3c8d-4300-bdc9-794ba2a453a7","resourceUri":"https://console.cloud.google.com/cloud-build/builds;region=us-central1/5008a70e-3c8d-4300-bdc9-794ba2a453a7?project=593133920835"},{"name":"SERVICE","state":"NOT_STARTED"}],"operationType":"UPDATE_FUNCTION","buildName":"projects/593133920835/locations/us-central1/builds/5008a70e-3c8d-4300-bdc9-794ba2a453a7"},"done":false}
[debug] [2026-08-23T11:11:48.641Z] [update-firebase-frameworks-bell-operation-us-central1-ssrbelloperation] Retrying task index 0
[debug] [2026-08-23T11:11:48.641Z] Checked if tokens are valid: true, expires at: 1787486565315
[debug] [2026-08-23T11:11:48.641Z] Checked if tokens are valid: true, expires at: 1787486565315
[debug] [2026-08-23T11:11:48.641Z] >>> [apiv2][query] GET https://cloudfunctions.googleapis.com/v2/projects/bell-operation/locations/us-central1/operations/operation-1787483505910-659b4ef69647a-773bf93b-760d9289 [none]
[debug] [2026-08-23T11:11:49.764Z] <<< [apiv2][status] GET https://cloudfunctions.googleapis.com/v2/projects/bell-operation/locations/us-central1/operations/operation-1787483505910-659b4ef69647a-773bf93b-760d9289 200
[debug] [2026-08-23T11:11:49.765Z] <<< [apiv2][body] GET https://cloudfunctions.googleapis.com/v2/projects/bell-operation/locations/us-central1/operations/operation-1787483505910-659b4ef69647a-773bf93b-760d9289 {"name":"projects/bell-operation/locations/us-central1/operations/operation-1787483505910-659b4ef69647a-773bf93b-760d9289","metadata":{"@type":"type.googleapis.com/google.cloud.functions.v2.OperationMetadata","createTime":"2026-08-23T11:11:47.008553372Z","target":"projects/bell-operation/locations/us-central1/functions/ssrbelloperation","verb":"update","cancelRequested":false,"apiVersion":"v2","requestResource":{"@type":"type.googleapis.com/google.cloud.functions.v2.Function","name":"projects/bell-operation/locations/us-central1/functions/ssrbelloperation","buildConfig":{"runtime":"nodejs24","entryPoint":"ssrbelloperation","source":{"storageSource":{"bucket":"gcf-v2-sources-593133920835-us-central1","object":"ssrbelloperation/function-source.zip","generation":"1787483506921641"}},"environmentVariables":{"GOOGLE_NODE_RUN_SCRIPTS":""},"dockerRepository":"projects/bell-operation/locations/us-central1/repositories/gcf-artifacts","sourceProvenance":{"resolvedStorageSource":{"bucket":"gcf-v2-sources-593133920835-us-central1","object":"ssrbelloperation/function-source.zip","generation":"1787483169334183"}},"dockerRegistry":"ARTIFACT_REGISTRY","serviceAccount":"projects/bell-operation/serviceAccounts/593133920835-compute@developer.gserviceaccount.com","automaticUpdatePolicy":{}},"serviceConfig":{"service":"projects/bell-operation/locations/us-central1/services/ssrbelloperation","timeoutSeconds":60,"environmentVariables":{"VERCEL_URL":"bell-operation.web.app","__FIREBASE_FRAMEWORKS_ENTRY__":"next.js","__FIREBASE_DEFAULTS__":"{\"config\":{\"projectId\":\"bell-operation\",\"appId\":\"1:593133920835:web:61f25b39170b2f62ce6af6\",\"storageBucket\":\"bell-operation.firebasestorage.app\",\"apiKey\":\"AIzaSyC3cAL9Qr3ke0pVsMENWQNp75OLFjECpxo\",\"authDomain\":\"bell-operation.firebaseapp.com\",\"messagingSenderId\":\"593133920835\",\"projectNumber\":\"593133920835\",\"version\":\"2\"},\"_authTokenSyncURL\":\"/__session\"}","FIREBASE_CONFIG":"{\"projectId\":\"bell-operation\",\"storageBucket\":\"bell-operation.firebasestorage.app\"}","GCLOUD_PROJECT":"bell-operation","EVENTARC_CLOUD_EVENT_SOURCE":"projects/bell-operation/locations/us-central1/services/ssrbelloperation","FUNCTION_TARGET":"ssrbelloperation","LOG_EXECUTION_ID":"true"},"ingressSettings":"ALLOW_ALL","uri":"https://ssrbelloperation-7tgdkyp2uq-uc.a.run.app","serviceAccountEmail":"593133920835-compute@developer.gserviceaccount.com","availableMemory":"256Mi","allTrafficOnLatestRevision":true,"revision":"ssrbelloperation-01148-lit","maxInstanceRequestConcurrency":80,"availableCpu":"1"},"state":"ACTIVE","labels":{"deployment-tool":"cloud-console","firebase-functions-codebase":"firebase-frameworks-bell-operation","firebase-functions-hash":"2d9db122ac328b191f12d22999ac795748acf622"},"environment":"GEN_2","url":"https://us-central1-bell-operation.cloudfunctions.net/ssrbelloperation","satisfiesPzi":true},"stages":[{"name":"BUILD","message":"Build in progress","state":"IN_PROGRESS","resource":"projects/593133920835/locations/us-central1/builds/5008a70e-3c8d-4300-bdc9-794ba2a453a7","resourceUri":"https://console.cloud.google.com/cloud-build/builds;region=us-central1/5008a70e-3c8d-4300-bdc9-794ba2a453a7?project=593133920835"},{"name":"SERVICE","state":"NOT_STARTED"}],"operationType":"UPDATE_FUNCTION","buildName":"projects/593133920835/locations/us-central1/builds/5008a70e-3c8d-4300-bdc9-794ba2a453a7"},"done":false}
[debug] [2026-08-23T11:11:50.766Z] [update-firebase-frameworks-bell-operation-us-central1-ssrbelloperation] Retrying task index 0
[debug] [2026-08-23T11:11:50.766Z] Checked if tokens are valid: true, expires at: 1787486565315
[debug] [2026-08-23T11:11:50.766Z] Checked if tokens are valid: true, expires at: 1787486565315
[debug] [2026-08-23T11:11:50.766Z] >>> [apiv2][query] GET https://cloudfunctions.googleapis.com/v2/projects/bell-operation/locations/us-central1/operations/operation-1787483505910-659b4ef69647a-773bf93b-760d9289 [none]
[debug] [2026-08-23T11:11:51.927Z] <<< [apiv2][status] GET https://cloudfunctions.googleapis.com/v2/projects/bell-operation/locations/us-central1/operations/operation-1787483505910-659b4ef69647a-773bf93b-760d9289 200
[debug] [2026-08-23T11:11:51.927Z] <<< [apiv2][body] GET https://cloudfunctions.googleapis.com/v2/projects/bell-operation/locations/us-central1/operations/operation-1787483505910-659b4ef69647a-773bf93b-760d9289 {"name":"projects/bell-operation/locations/us-central1/operations/operation-1787483505910-659b4ef69647a-773bf93b-760d9289","metadata":{"@type":"type.googleapis.com/google.cloud.functions.v2.OperationMetadata","createTime":"2026-08-23T11:11:47.008553372Z","target":"projects/bell-operation/locations/us-central1/functions/ssrbelloperation","verb":"update","cancelRequested":false,"apiVersion":"v2","requestResource":{"@type":"type.googleapis.com/google.cloud.functions.v2.Function","name":"projects/bell-operation/locations/us-central1/functions/ssrbelloperation","buildConfig":{"runtime":"nodejs24","entryPoint":"ssrbelloperation","source":{"storageSource":{"bucket":"gcf-v2-sources-593133920835-us-central1","object":"ssrbelloperation/function-source.zip","generation":"1787483506921641"}},"environmentVariables":{"GOOGLE_NODE_RUN_SCRIPTS":""},"dockerRepository":"projects/bell-operation/locations/us-central1/repositories/gcf-artifacts","sourceProvenance":{"resolvedStorageSource":{"bucket":"gcf-v2-sources-593133920835-us-central1","object":"ssrbelloperation/function-source.zip","generation":"1787483169334183"}},"dockerRegistry":"ARTIFACT_REGISTRY","serviceAccount":"projects/bell-operation/serviceAccounts/593133920835-compute@developer.gserviceaccount.com","automaticUpdatePolicy":{}},"serviceConfig":{"service":"projects/bell-operation/locations/us-central1/services/ssrbelloperation","timeoutSeconds":60,"environmentVariables":{"VERCEL_URL":"bell-operation.web.app","__FIREBASE_FRAMEWORKS_ENTRY__":"next.js","__FIREBASE_DEFAULTS__":"{\"config\":{\"projectId\":\"bell-operation\",\"appId\":\"1:593133920835:web:61f25b39170b2f62ce6af6\",\"storageBucket\":\"bell-operation.firebasestorage.app\",\"apiKey\":\"AIzaSyC3cAL9Qr3ke0pVsMENWQNp75OLFjECpxo\",\"authDomain\":\"bell-operation.firebaseapp.com\",\"messagingSenderId\":\"593133920835\",\"projectNumber\":\"593133920835\",\"version\":\"2\"},\"_authTokenSyncURL\":\"/__session\"}","FIREBASE_CONFIG":"{\"projectId\":\"bell-operation\",\"storageBucket\":\"bell-operation.firebasestorage.app\"}","GCLOUD_PROJECT":"bell-operation","EVENTARC_CLOUD_EVENT_SOURCE":"projects/bell-operation/locations/us-central1/services/ssrbelloperation","FUNCTION_TARGET":"ssrbelloperation","LOG_EXECUTION_ID":"true"},"ingressSettings":"ALLOW_ALL","uri":"https://ssrbelloperation-7tgdkyp2uq-uc.a.run.app","serviceAccountEmail":"593133920835-compute@developer.gserviceaccount.com","availableMemory":"256Mi","allTrafficOnLatestRevision":true,"revision":"ssrbelloperation-01148-lit","maxInstanceRequestConcurrency":80,"availableCpu":"1"},"state":"ACTIVE","labels":{"deployment-tool":"cloud-console","firebase-functions-codebase":"firebase-frameworks-bell-operation","firebase-functions-hash":"2d9db122ac328b191f12d22999ac795748acf622"},"environment":"GEN_2","url":"https://us-central1-bell-operation.cloudfunctions.net/ssrbelloperation","satisfiesPzi":true},"stages":[{"name":"BUILD","message":"Build in progress","state":"IN_PROGRESS","resource":"projects/593133920835/locations/us-central1/builds/5008a70e-3c8d-4300-bdc9-794ba2a453a7","resourceUri":"https://console.cloud.google.com/cloud-build/builds;region=us-central1/5008a70e-3c8d-4300-bdc9-794ba2a453a7?project=593133920835"},{"name":"SERVICE","state":"NOT_STARTED"}],"operationType":"UPDATE_FUNCTION","buildName":"projects/593133920835/locations/us-central1/builds/5008a70e-3c8d-4300-bdc9-794ba2a453a7"},"done":false}
[debug] [2026-08-23T11:11:53.928Z] [update-firebase-frameworks-bell-operation-us-central1-ssrbelloperation] Retrying task index 0
[debug] [2026-08-23T11:11:53.928Z] Checked if tokens are valid: true, expires at: 1787486565315
[debug] [2026-08-23T11:11:53.928Z] Checked if tokens are valid: true, expires at: 1787486565315
[debug] [2026-08-23T11:11:53.928Z] >>> [apiv2][query] GET https://cloudfunctions.googleapis.com/v2/projects/bell-operation/locations/us-central1/operations/operation-1787483505910-659b4ef69647a-773bf93b-760d9289 [none]
[debug] [2026-08-23T11:11:54.996Z] <<< [apiv2][status] GET https://cloudfunctions.googleapis.com/v2/projects/bell-operation/locations/us-central1/operations/operation-1787483505910-659b4ef69647a-773bf93b-760d9289 200
[debug] [2026-08-23T11:11:54.996Z] <<< [apiv2][body] GET https://cloudfunctions.googleapis.com/v2/projects/bell-operation/locations/us-central1/operations/operation-1787483505910-659b4ef69647a-773bf93b-760d9289 {"name":"projects/bell-operation/locations/us-central1/operations/operation-1787483505910-659b4ef69647a-773bf93b-760d9289","metadata":{"@type":"type.googleapis.com/google.cloud.functions.v2.OperationMetadata","createTime":"2026-08-23T11:11:47.008553372Z","target":"projects/bell-operation/locations/us-central1/functions/ssrbelloperation","verb":"update","cancelRequested":false,"apiVersion":"v2","requestResource":{"@type":"type.googleapis.com/google.cloud.functions.v2.Function","name":"projects/bell-operation/locations/us-central1/functions/ssrbelloperation","buildConfig":{"runtime":"nodejs24","entryPoint":"ssrbelloperation","source":{"storageSource":{"bucket":"gcf-v2-sources-593133920835-us-central1","object":"ssrbelloperation/function-source.zip","generation":"1787483506921641"}},"environmentVariables":{"GOOGLE_NODE_RUN_SCRIPTS":""},"dockerRepository":"projects/bell-operation/locations/us-central1/repositories/gcf-artifacts","sourceProvenance":{"resolvedStorageSource":{"bucket":"gcf-v2-sources-593133920835-us-central1","object":"ssrbelloperation/function-source.zip","generation":"1787483169334183"}},"dockerRegistry":"ARTIFACT_REGISTRY","serviceAccount":"projects/bell-operation/serviceAccounts/593133920835-compute@developer.gserviceaccount.com","automaticUpdatePolicy":{}},"serviceConfig":{"service":"projects/bell-operation/locations/us-central1/services/ssrbelloperation","timeoutSeconds":60,"environmentVariables":{"VERCEL_URL":"bell-operation.web.app","__FIREBASE_FRAMEWORKS_ENTRY__":"next.js","__FIREBASE_DEFAULTS__":"{\"config\":{\"projectId\":\"bell-operation\",\"appId\":\"1:593133920835:web:61f25b39170b2f62ce6af6\",\"storageBucket\":\"bell-operation.firebasestorage.app\",\"apiKey\":\"AIzaSyC3cAL9Qr3ke0pVsMENWQNp75OLFjECpxo\",\"authDomain\":\"bell-operation.firebaseapp.com\",\"messagingSenderId\":\"593133920835\",\"projectNumber\":\"593133920835\",\"version\":\"2\"},\"_authTokenSyncURL\":\"/__session\"}","FIREBASE_CONFIG":"{\"projectId\":\"bell-operation\",\"storageBucket\":\"bell-operation.firebasestorage.app\"}","GCLOUD_PROJECT":"bell-operation","EVENTARC_CLOUD_EVENT_SOURCE":"projects/bell-operation/locations/us-central1/services/ssrbelloperation","FUNCTION_TARGET":"ssrbelloperation","LOG_EXECUTION_ID":"true"},"ingressSettings":"ALLOW_ALL","uri":"https://ssrbelloperation-7tgdkyp2uq-uc.a.run.app","serviceAccountEmail":"593133920835-compute@developer.gserviceaccount.com","availableMemory":"256Mi","allTrafficOnLatestRevision":true,"revision":"ssrbelloperation-01148-lit","maxInstanceRequestConcurrency":80,"availableCpu":"1"},"state":"ACTIVE","labels":{"deployment-tool":"cloud-console","firebase-functions-codebase":"firebase-frameworks-bell-operation","firebase-functions-hash":"2d9db122ac328b191f12d22999ac795748acf622"},"environment":"GEN_2","url":"https://us-central1-bell-operation.cloudfunctions.net/ssrbelloperation","satisfiesPzi":true},"stages":[{"name":"BUILD","message":"Build in progress","state":"IN_PROGRESS","resource":"projects/593133920835/locations/us-central1/builds/5008a70e-3c8d-4300-bdc9-794ba2a453a7","resourceUri":"https://console.cloud.google.com/cloud-build/builds;region=us-central1/5008a70e-3c8d-4300-bdc9-794ba2a453a7?project=593133920835"},{"name":"SERVICE","state":"NOT_STARTED"}],"operationType":"UPDATE_FUNCTION","buildName":"projects/593133920835/locations/us-central1/builds/5008a70e-3c8d-4300-bdc9-794ba2a453a7"},"done":false}
[debug] [2026-08-23T11:11:58.996Z] [update-firebase-frameworks-bell-operation-us-central1-ssrbelloperation] Retrying task index 0
[debug] [2026-08-23T11:11:58.997Z] Checked if tokens are valid: true, expires at: 1787486565315
[debug] [2026-08-23T11:11:58.997Z] Checked if tokens are valid: true, expires at: 1787486565315
[debug] [2026-08-23T11:11:58.997Z] >>> [apiv2][query] GET https://cloudfunctions.googleapis.com/v2/projects/bell-operation/locations/us-central1/operations/operation-1787483505910-659b4ef69647a-773bf93b-760d9289 [none]
[debug] [2026-08-23T11:12:00.125Z] <<< [apiv2][status] GET https://cloudfunctions.googleapis.com/v2/projects/bell-operation/locations/us-central1/operations/operation-1787483505910-659b4ef69647a-773bf93b-760d9289 200
[debug] [2026-08-23T11:12:00.126Z] <<< [apiv2][body] GET https://cloudfunctions.googleapis.com/v2/projects/bell-operation/locations/us-central1/operations/operation-1787483505910-659b4ef69647a-773bf93b-760d9289 {"name":"projects/bell-operation/locations/us-central1/operations/operation-1787483505910-659b4ef69647a-773bf93b-760d9289","metadata":{"@type":"type.googleapis.com/google.cloud.functions.v2.OperationMetadata","createTime":"2026-08-23T11:11:47.008553372Z","target":"projects/bell-operation/locations/us-central1/functions/ssrbelloperation","verb":"update","cancelRequested":false,"apiVersion":"v2","requestResource":{"@type":"type.googleapis.com/google.cloud.functions.v2.Function","name":"projects/bell-operation/locations/us-central1/functions/ssrbelloperation","buildConfig":{"runtime":"nodejs24","entryPoint":"ssrbelloperation","source":{"storageSource":{"bucket":"gcf-v2-sources-593133920835-us-central1","object":"ssrbelloperation/function-source.zip","generation":"1787483506921641"}},"environmentVariables":{"GOOGLE_NODE_RUN_SCRIPTS":""},"dockerRepository":"projects/bell-operation/locations/us-central1/repositories/gcf-artifacts","sourceProvenance":{"resolvedStorageSource":{"bucket":"gcf-v2-sources-593133920835-us-central1","object":"ssrbelloperation/function-source.zip","generation":"1787483169334183"}},"dockerRegistry":"ARTIFACT_REGISTRY","serviceAccount":"projects/bell-operation/serviceAccounts/593133920835-compute@developer.gserviceaccount.com","automaticUpdatePolicy":{}},"serviceConfig":{"service":"projects/bell-operation/locations/us-central1/services/ssrbelloperation","timeoutSeconds":60,"environmentVariables":{"VERCEL_URL":"bell-operation.web.app","__FIREBASE_FRAMEWORKS_ENTRY__":"next.js","__FIREBASE_DEFAULTS__":"{\"config\":{\"projectId\":\"bell-operation\",\"appId\":\"1:593133920835:web:61f25b39170b2f62ce6af6\",\"storageBucket\":\"bell-operation.firebasestorage.app\",\"apiKey\":\"AIzaSyC3cAL9Qr3ke0pVsMENWQNp75OLFjECpxo\",\"authDomain\":\"bell-operation.firebaseapp.com\",\"messagingSenderId\":\"593133920835\",\"projectNumber\":\"593133920835\",\"version\":\"2\"},\"_authTokenSyncURL\":\"/__session\"}","FIREBASE_CONFIG":"{\"projectId\":\"bell-operation\",\"storageBucket\":\"bell-operation.firebasestorage.app\"}","GCLOUD_PROJECT":"bell-operation","EVENTARC_CLOUD_EVENT_SOURCE":"projects/bell-operation/locations/us-central1/services/ssrbelloperation","FUNCTION_TARGET":"ssrbelloperation","LOG_EXECUTION_ID":"true"},"ingressSettings":"ALLOW_ALL","uri":"https://ssrbelloperation-7tgdkyp2uq-uc.a.run.app","serviceAccountEmail":"593133920835-compute@developer.gserviceaccount.com","availableMemory":"256Mi","allTrafficOnLatestRevision":true,"revision":"ssrbelloperation-01148-lit","maxInstanceRequestConcurrency":80,"availableCpu":"1"},"state":"ACTIVE","labels":{"deployment-tool":"cloud-console","firebase-functions-codebase":"firebase-frameworks-bell-operation","firebase-functions-hash":"2d9db122ac328b191f12d22999ac795748acf622"},"environment":"GEN_2","url":"https://us-central1-bell-operation.cloudfunctions.net/ssrbelloperation","satisfiesPzi":true},"stages":[{"name":"BUILD","message":"Build in progress","state":"IN_PROGRESS","resource":"projects/593133920835/locations/us-central1/builds/5008a70e-3c8d-4300-bdc9-794ba2a453a7","resourceUri":"https://console.cloud.google.com/cloud-build/builds;region=us-central1/5008a70e-3c8d-4300-bdc9-794ba2a453a7?project=593133920835"},{"name":"SERVICE","state":"NOT_STARTED"}],"operationType":"UPDATE_FUNCTION","buildName":"projects/593133920835/locations/us-central1/builds/5008a70e-3c8d-4300-bdc9-794ba2a453a7"},"done":false}
[debug] [2026-08-23T11:12:08.129Z] [update-firebase-frameworks-bell-operation-us-central1-ssrbelloperation] Retrying task index 0
[debug] [2026-08-23T11:12:08.129Z] Checked if tokens are valid: true, expires at: 1787486565315
[debug] [2026-08-23T11:12:08.129Z] Checked if tokens are valid: true, expires at: 1787486565315
[debug] [2026-08-23T11:12:08.129Z] >>> [apiv2][query] GET https://cloudfunctions.googleapis.com/v2/projects/bell-operation/locations/us-central1/operations/operation-1787483505910-659b4ef69647a-773bf93b-760d9289 [none]
[debug] [2026-08-23T11:12:09.269Z] <<< [apiv2][status] GET https://cloudfunctions.googleapis.com/v2/projects/bell-operation/locations/us-central1/operations/operation-1787483505910-659b4ef69647a-773bf93b-760d9289 200
[debug] [2026-08-23T11:12:09.269Z] <<< [apiv2][body] GET https://cloudfunctions.googleapis.com/v2/projects/bell-operation/locations/us-central1/operations/operation-1787483505910-659b4ef69647a-773bf93b-760d9289 {"name":"projects/bell-operation/locations/us-central1/operations/operation-1787483505910-659b4ef69647a-773bf93b-760d9289","metadata":{"@type":"type.googleapis.com/google.cloud.functions.v2.OperationMetadata","createTime":"2026-08-23T11:11:47.008553372Z","target":"projects/bell-operation/locations/us-central1/functions/ssrbelloperation","verb":"update","cancelRequested":false,"apiVersion":"v2","requestResource":{"@type":"type.googleapis.com/google.cloud.functions.v2.Function","name":"projects/bell-operation/locations/us-central1/functions/ssrbelloperation","buildConfig":{"runtime":"nodejs24","entryPoint":"ssrbelloperation","source":{"storageSource":{"bucket":"gcf-v2-sources-593133920835-us-central1","object":"ssrbelloperation/function-source.zip","generation":"1787483506921641"}},"environmentVariables":{"GOOGLE_NODE_RUN_SCRIPTS":""},"dockerRepository":"projects/bell-operation/locations/us-central1/repositories/gcf-artifacts","sourceProvenance":{"resolvedStorageSource":{"bucket":"gcf-v2-sources-593133920835-us-central1","object":"ssrbelloperation/function-source.zip","generation":"1787483169334183"}},"dockerRegistry":"ARTIFACT_REGISTRY","serviceAccount":"projects/bell-operation/serviceAccounts/593133920835-compute@developer.gserviceaccount.com","automaticUpdatePolicy":{}},"serviceConfig":{"service":"projects/bell-operation/locations/us-central1/services/ssrbelloperation","timeoutSeconds":60,"environmentVariables":{"VERCEL_URL":"bell-operation.web.app","__FIREBASE_FRAMEWORKS_ENTRY__":"next.js","__FIREBASE_DEFAULTS__":"{\"config\":{\"projectId\":\"bell-operation\",\"appId\":\"1:593133920835:web:61f25b39170b2f62ce6af6\",\"storageBucket\":\"bell-operation.firebasestorage.app\",\"apiKey\":\"AIzaSyC3cAL9Qr3ke0pVsMENWQNp75OLFjECpxo\",\"authDomain\":\"bell-operation.firebaseapp.com\",\"messagingSenderId\":\"593133920835\",\"projectNumber\":\"593133920835\",\"version\":\"2\"},\"_authTokenSyncURL\":\"/__session\"}","FIREBASE_CONFIG":"{\"projectId\":\"bell-operation\",\"storageBucket\":\"bell-operation.firebasestorage.app\"}","GCLOUD_PROJECT":"bell-operation","EVENTARC_CLOUD_EVENT_SOURCE":"projects/bell-operation/locations/us-central1/services/ssrbelloperation","FUNCTION_TARGET":"ssrbelloperation","LOG_EXECUTION_ID":"true"},"ingressSettings":"ALLOW_ALL","uri":"https://ssrbelloperation-7tgdkyp2uq-uc.a.run.app","serviceAccountEmail":"593133920835-compute@developer.gserviceaccount.com","availableMemory":"256Mi","allTrafficOnLatestRevision":true,"revision":"ssrbelloperation-01148-lit","maxInstanceRequestConcurrency":80,"availableCpu":"1"},"state":"ACTIVE","labels":{"deployment-tool":"cloud-console","firebase-functions-codebase":"firebase-frameworks-bell-operation","firebase-functions-hash":"2d9db122ac328b191f12d22999ac795748acf622"},"environment":"GEN_2","url":"https://us-central1-bell-operation.cloudfunctions.net/ssrbelloperation","satisfiesPzi":true},"stages":[{"name":"BUILD","message":"Build in progress","state":"IN_PROGRESS","resource":"projects/593133920835/locations/us-central1/builds/5008a70e-3c8d-4300-bdc9-794ba2a453a7","resourceUri":"https://console.cloud.google.com/cloud-build/builds;region=us-central1/5008a70e-3c8d-4300-bdc9-794ba2a453a7?project=593133920835"},{"name":"SERVICE","state":"NOT_STARTED"}],"operationType":"UPDATE_FUNCTION","buildName":"projects/593133920835/locations/us-central1/builds/5008a70e-3c8d-4300-bdc9-794ba2a453a7"},"done":false}
[debug] [2026-08-23T11:12:19.276Z] [update-firebase-frameworks-bell-operation-us-central1-ssrbelloperation] Retrying task index 0
[debug] [2026-08-23T11:12:19.276Z] Checked if tokens are valid: true, expires at: 1787486565315
[debug] [2026-08-23T11:12:19.276Z] Checked if tokens are valid: true, expires at: 1787486565315
[debug] [2026-08-23T11:12:19.276Z] >>> [apiv2][query] GET https://cloudfunctions.googleapis.com/v2/projects/bell-operation/locations/us-central1/operations/operation-1787483505910-659b4ef69647a-773bf93b-760d9289 [none]
[debug] [2026-08-23T11:12:20.385Z] <<< [apiv2][status] GET https://cloudfunctions.googleapis.com/v2/projects/bell-operation/locations/us-central1/operations/operation-1787483505910-659b4ef69647a-773bf93b-760d9289 200
[debug] [2026-08-23T11:12:20.385Z] <<< [apiv2][body] GET https://cloudfunctions.googleapis.com/v2/projects/bell-operation/locations/us-central1/operations/operation-1787483505910-659b4ef69647a-773bf93b-760d9289 {"name":"projects/bell-operation/locations/us-central1/operations/operation-1787483505910-659b4ef69647a-773bf93b-760d9289","metadata":{"@type":"type.googleapis.com/google.cloud.functions.v2.OperationMetadata","createTime":"2026-08-23T11:11:47.008553372Z","target":"projects/bell-operation/locations/us-central1/functions/ssrbelloperation","verb":"update","cancelRequested":false,"apiVersion":"v2","requestResource":{"@type":"type.googleapis.com/google.cloud.functions.v2.Function","name":"projects/bell-operation/locations/us-central1/functions/ssrbelloperation","buildConfig":{"runtime":"nodejs24","entryPoint":"ssrbelloperation","source":{"storageSource":{"bucket":"gcf-v2-sources-593133920835-us-central1","object":"ssrbelloperation/function-source.zip","generation":"1787483506921641"}},"environmentVariables":{"GOOGLE_NODE_RUN_SCRIPTS":""},"dockerRepository":"projects/bell-operation/locations/us-central1/repositories/gcf-artifacts","sourceProvenance":{"resolvedStorageSource":{"bucket":"gcf-v2-sources-593133920835-us-central1","object":"ssrbelloperation/function-source.zip","generation":"1787483169334183"}},"dockerRegistry":"ARTIFACT_REGISTRY","serviceAccount":"projects/bell-operation/serviceAccounts/593133920835-compute@developer.gserviceaccount.com","automaticUpdatePolicy":{}},"serviceConfig":{"service":"projects/bell-operation/locations/us-central1/services/ssrbelloperation","timeoutSeconds":60,"environmentVariables":{"VERCEL_URL":"bell-operation.web.app","__FIREBASE_FRAMEWORKS_ENTRY__":"next.js","__FIREBASE_DEFAULTS__":"{\"config\":{\"projectId\":\"bell-operation\",\"appId\":\"1:593133920835:web:61f25b39170b2f62ce6af6\",\"storageBucket\":\"bell-operation.firebasestorage.app\",\"apiKey\":\"AIzaSyC3cAL9Qr3ke0pVsMENWQNp75OLFjECpxo\",\"authDomain\":\"bell-operation.firebaseapp.com\",\"messagingSenderId\":\"593133920835\",\"projectNumber\":\"593133920835\",\"version\":\"2\"},\"_authTokenSyncURL\":\"/__session\"}","FIREBASE_CONFIG":"{\"projectId\":\"bell-operation\",\"storageBucket\":\"bell-operation.firebasestorage.app\"}","GCLOUD_PROJECT":"bell-operation","EVENTARC_CLOUD_EVENT_SOURCE":"projects/bell-operation/locations/us-central1/services/ssrbelloperation","FUNCTION_TARGET":"ssrbelloperation","LOG_EXECUTION_ID":"true"},"ingressSettings":"ALLOW_ALL","uri":"https://ssrbelloperation-7tgdkyp2uq-uc.a.run.app","serviceAccountEmail":"593133920835-compute@developer.gserviceaccount.com","availableMemory":"256Mi","allTrafficOnLatestRevision":true,"revision":"ssrbelloperation-01148-lit","maxInstanceRequestConcurrency":80,"availableCpu":"1"},"state":"ACTIVE","labels":{"deployment-tool":"cloud-console","firebase-functions-codebase":"firebase-frameworks-bell-operation","firebase-functions-hash":"2d9db122ac328b191f12d22999ac795748acf622"},"environment":"GEN_2","url":"https://us-central1-bell-operation.cloudfunctions.net/ssrbelloperation","satisfiesPzi":true},"stages":[{"name":"BUILD","message":"Build in progress","state":"IN_PROGRESS","resource":"projects/593133920835/locations/us-central1/builds/5008a70e-3c8d-4300-bdc9-794ba2a453a7","resourceUri":"https://console.cloud.google.com/cloud-build/builds;region=us-central1/5008a70e-3c8d-4300-bdc9-794ba2a453a7?project=593133920835"},{"name":"SERVICE","state":"NOT_STARTED"}],"operationType":"UPDATE_FUNCTION","buildName":"projects/593133920835/locations/us-central1/builds/5008a70e-3c8d-4300-bdc9-794ba2a453a7"},"done":false}
[debug] [2026-08-23T11:12:30.398Z] [update-firebase-frameworks-bell-operation-us-central1-ssrbelloperation] Retrying task index 0
[debug] [2026-08-23T11:12:30.398Z] Checked if tokens are valid: true, expires at: 1787486565315
[debug] [2026-08-23T11:12:30.398Z] Checked if tokens are valid: true, expires at: 1787486565315
[debug] [2026-08-23T11:12:30.398Z] >>> [apiv2][query] GET https://cloudfunctions.googleapis.com/v2/projects/bell-operation/locations/us-central1/operations/operation-1787483505910-659b4ef69647a-773bf93b-760d9289 [none]
[debug] [2026-08-23T11:12:31.493Z] <<< [apiv2][status] GET https://cloudfunctions.googleapis.com/v2/projects/bell-operation/locations/us-central1/operations/operation-1787483505910-659b4ef69647a-773bf93b-760d9289 200
[debug] [2026-08-23T11:12:31.493Z] <<< [apiv2][body] GET https://cloudfunctions.googleapis.com/v2/projects/bell-operation/locations/us-central1/operations/operation-1787483505910-659b4ef69647a-773bf93b-760d9289 {"name":"projects/bell-operation/locations/us-central1/operations/operation-1787483505910-659b4ef69647a-773bf93b-760d9289","metadata":{"@type":"type.googleapis.com/google.cloud.functions.v2.OperationMetadata","createTime":"2026-08-23T11:11:47.008553372Z","target":"projects/bell-operation/locations/us-central1/functions/ssrbelloperation","verb":"update","cancelRequested":false,"apiVersion":"v2","requestResource":{"@type":"type.googleapis.com/google.cloud.functions.v2.Function","name":"projects/bell-operation/locations/us-central1/functions/ssrbelloperation","buildConfig":{"runtime":"nodejs24","entryPoint":"ssrbelloperation","source":{"storageSource":{"bucket":"gcf-v2-sources-593133920835-us-central1","object":"ssrbelloperation/function-source.zip","generation":"1787483506921641"}},"environmentVariables":{"GOOGLE_NODE_RUN_SCRIPTS":""},"dockerRepository":"projects/bell-operation/locations/us-central1/repositories/gcf-artifacts","sourceProvenance":{"resolvedStorageSource":{"bucket":"gcf-v2-sources-593133920835-us-central1","object":"ssrbelloperation/function-source.zip","generation":"1787483169334183"}},"dockerRegistry":"ARTIFACT_REGISTRY","serviceAccount":"projects/bell-operation/serviceAccounts/593133920835-compute@developer.gserviceaccount.com","automaticUpdatePolicy":{}},"serviceConfig":{"service":"projects/bell-operation/locations/us-central1/services/ssrbelloperation","timeoutSeconds":60,"environmentVariables":{"VERCEL_URL":"bell-operation.web.app","__FIREBASE_FRAMEWORKS_ENTRY__":"next.js","__FIREBASE_DEFAULTS__":"{\"config\":{\"projectId\":\"bell-operation\",\"appId\":\"1:593133920835:web:61f25b39170b2f62ce6af6\",\"storageBucket\":\"bell-operation.firebasestorage.app\",\"apiKey\":\"AIzaSyC3cAL9Qr3ke0pVsMENWQNp75OLFjECpxo\",\"authDomain\":\"bell-operation.firebaseapp.com\",\"messagingSenderId\":\"593133920835\",\"projectNumber\":\"593133920835\",\"version\":\"2\"},\"_authTokenSyncURL\":\"/__session\"}","FIREBASE_CONFIG":"{\"projectId\":\"bell-operation\",\"storageBucket\":\"bell-operation.firebasestorage.app\"}","GCLOUD_PROJECT":"bell-operation","EVENTARC_CLOUD_EVENT_SOURCE":"projects/bell-operation/locations/us-central1/services/ssrbelloperation","FUNCTION_TARGET":"ssrbelloperation","LOG_EXECUTION_ID":"true"},"ingressSettings":"ALLOW_ALL","uri":"https://ssrbelloperation-7tgdkyp2uq-uc.a.run.app","serviceAccountEmail":"593133920835-compute@developer.gserviceaccount.com","availableMemory":"256Mi","allTrafficOnLatestRevision":true,"revision":"ssrbelloperation-01148-lit","maxInstanceRequestConcurrency":80,"availableCpu":"1"},"state":"ACTIVE","labels":{"deployment-tool":"cloud-console","firebase-functions-codebase":"firebase-frameworks-bell-operation","firebase-functions-hash":"2d9db122ac328b191f12d22999ac795748acf622"},"environment":"GEN_2","url":"https://us-central1-bell-operation.cloudfunctions.net/ssrbelloperation","satisfiesPzi":true},"stages":[{"name":"BUILD","message":"Build in progress","state":"IN_PROGRESS","resource":"projects/593133920835/locations/us-central1/builds/5008a70e-3c8d-4300-bdc9-794ba2a453a7","resourceUri":"https://console.cloud.google.com/cloud-build/builds;region=us-central1/5008a70e-3c8d-4300-bdc9-794ba2a453a7?project=593133920835"},{"name":"SERVICE","state":"NOT_STARTED"}],"operationType":"UPDATE_FUNCTION","buildName":"projects/593133920835/locations/us-central1/builds/5008a70e-3c8d-4300-bdc9-794ba2a453a7"},"done":false}
[debug] [2026-08-23T11:12:41.495Z] [update-firebase-frameworks-bell-operation-us-central1-ssrbelloperation] Retrying task index 0
[debug] [2026-08-23T11:12:41.495Z] Checked if tokens are valid: true, expires at: 1787486565315
[debug] [2026-08-23T11:12:41.495Z] Checked if tokens are valid: true, expires at: 1787486565315
[debug] [2026-08-23T11:12:41.495Z] >>> [apiv2][query] GET https://cloudfunctions.googleapis.com/v2/projects/bell-operation/locations/us-central1/operations/operation-1787483505910-659b4ef69647a-773bf93b-760d9289 [none]
[debug] [2026-08-23T11:12:42.602Z] <<< [apiv2][status] GET https://cloudfunctions.googleapis.com/v2/projects/bell-operation/locations/us-central1/operations/operation-1787483505910-659b4ef69647a-773bf93b-760d9289 200
[debug] [2026-08-23T11:12:42.603Z] <<< [apiv2][body] GET https://cloudfunctions.googleapis.com/v2/projects/bell-operation/locations/us-central1/operations/operation-1787483505910-659b4ef69647a-773bf93b-760d9289 {"name":"projects/bell-operation/locations/us-central1/operations/operation-1787483505910-659b4ef69647a-773bf93b-760d9289","metadata":{"@type":"type.googleapis.com/google.cloud.functions.v2.OperationMetadata","createTime":"2026-08-23T11:11:47.008553372Z","target":"projects/bell-operation/locations/us-central1/functions/ssrbelloperation","verb":"update","cancelRequested":false,"apiVersion":"v2","requestResource":{"@type":"type.googleapis.com/google.cloud.functions.v2.Function","name":"projects/bell-operation/locations/us-central1/functions/ssrbelloperation","buildConfig":{"runtime":"nodejs24","entryPoint":"ssrbelloperation","source":{"storageSource":{"bucket":"gcf-v2-sources-593133920835-us-central1","object":"ssrbelloperation/function-source.zip","generation":"1787483506921641"}},"environmentVariables":{"GOOGLE_NODE_RUN_SCRIPTS":""},"dockerRepository":"projects/bell-operation/locations/us-central1/repositories/gcf-artifacts","sourceProvenance":{"resolvedStorageSource":{"bucket":"gcf-v2-sources-593133920835-us-central1","object":"ssrbelloperation/function-source.zip","generation":"1787483169334183"}},"dockerRegistry":"ARTIFACT_REGISTRY","serviceAccount":"projects/bell-operation/serviceAccounts/593133920835-compute@developer.gserviceaccount.com","automaticUpdatePolicy":{}},"serviceConfig":{"service":"projects/bell-operation/locations/us-central1/services/ssrbelloperation","timeoutSeconds":60,"environmentVariables":{"VERCEL_URL":"bell-operation.web.app","__FIREBASE_FRAMEWORKS_ENTRY__":"next.js","__FIREBASE_DEFAULTS__":"{\"config\":{\"projectId\":\"bell-operation\",\"appId\":\"1:593133920835:web:61f25b39170b2f62ce6af6\",\"storageBucket\":\"bell-operation.firebasestorage.app\",\"apiKey\":\"AIzaSyC3cAL9Qr3ke0pVsMENWQNp75OLFjECpxo\",\"authDomain\":\"bell-operation.firebaseapp.com\",\"messagingSenderId\":\"593133920835\",\"projectNumber\":\"593133920835\",\"version\":\"2\"},\"_authTokenSyncURL\":\"/__session\"}","FIREBASE_CONFIG":"{\"projectId\":\"bell-operation\",\"storageBucket\":\"bell-operation.firebasestorage.app\"}","GCLOUD_PROJECT":"bell-operation","EVENTARC_CLOUD_EVENT_SOURCE":"projects/bell-operation/locations/us-central1/services/ssrbelloperation","FUNCTION_TARGET":"ssrbelloperation","LOG_EXECUTION_ID":"true"},"ingressSettings":"ALLOW_ALL","uri":"https://ssrbelloperation-7tgdkyp2uq-uc.a.run.app","serviceAccountEmail":"593133920835-compute@developer.gserviceaccount.com","availableMemory":"256Mi","allTrafficOnLatestRevision":true,"revision":"ssrbelloperation-01148-lit","maxInstanceRequestConcurrency":80,"availableCpu":"1"},"state":"ACTIVE","labels":{"deployment-tool":"cloud-console","firebase-functions-codebase":"firebase-frameworks-bell-operation","firebase-functions-hash":"2d9db122ac328b191f12d22999ac795748acf622"},"environment":"GEN_2","url":"https://us-central1-bell-operation.cloudfunctions.net/ssrbelloperation","satisfiesPzi":true},"stages":[{"name":"BUILD","message":"Build in progress","state":"IN_PROGRESS","resource":"projects/593133920835/locations/us-central1/builds/5008a70e-3c8d-4300-bdc9-794ba2a453a7","resourceUri":"https://console.cloud.google.com/cloud-build/builds;region=us-central1/5008a70e-3c8d-4300-bdc9-794ba2a453a7?project=593133920835"},{"name":"SERVICE","state":"NOT_STARTED"}],"operationType":"UPDATE_FUNCTION","buildName":"projects/593133920835/locations/us-central1/builds/5008a70e-3c8d-4300-bdc9-794ba2a453a7"},"done":false}
[debug] [2026-08-23T11:12:52.617Z] [update-firebase-frameworks-bell-operation-us-central1-ssrbelloperation] Retrying task index 0
[debug] [2026-08-23T11:12:52.617Z] Checked if tokens are valid: true, expires at: 1787486565315
[debug] [2026-08-23T11:12:52.617Z] Checked if tokens are valid: true, expires at: 1787486565315
[debug] [2026-08-23T11:12:52.617Z] >>> [apiv2][query] GET https://cloudfunctions.googleapis.com/v2/projects/bell-operation/locations/us-central1/operations/operation-1787483505910-659b4ef69647a-773bf93b-760d9289 [none]
[debug] [2026-08-23T11:12:53.714Z] <<< [apiv2][status] GET https://cloudfunctions.googleapis.com/v2/projects/bell-operation/locations/us-central1/operations/operation-1787483505910-659b4ef69647a-773bf93b-760d9289 200
[debug] [2026-08-23T11:12:53.714Z] <<< [apiv2][body] GET https://cloudfunctions.googleapis.com/v2/projects/bell-operation/locations/us-central1/operations/operation-1787483505910-659b4ef69647a-773bf93b-760d9289 {"name":"projects/bell-operation/locations/us-central1/operations/operation-1787483505910-659b4ef69647a-773bf93b-760d9289","metadata":{"@type":"type.googleapis.com/google.cloud.functions.v2.OperationMetadata","createTime":"2026-08-23T11:11:47.008553372Z","target":"projects/bell-operation/locations/us-central1/functions/ssrbelloperation","verb":"update","cancelRequested":false,"apiVersion":"v2","requestResource":{"@type":"type.googleapis.com/google.cloud.functions.v2.Function","name":"projects/bell-operation/locations/us-central1/functions/ssrbelloperation","buildConfig":{"runtime":"nodejs24","entryPoint":"ssrbelloperation","source":{"storageSource":{"bucket":"gcf-v2-sources-593133920835-us-central1","object":"ssrbelloperation/function-source.zip","generation":"1787483506921641"}},"environmentVariables":{"GOOGLE_NODE_RUN_SCRIPTS":""},"dockerRepository":"projects/bell-operation/locations/us-central1/repositories/gcf-artifacts","sourceProvenance":{"resolvedStorageSource":{"bucket":"gcf-v2-sources-593133920835-us-central1","object":"ssrbelloperation/function-source.zip","generation":"1787483169334183"}},"dockerRegistry":"ARTIFACT_REGISTRY","serviceAccount":"projects/bell-operation/serviceAccounts/593133920835-compute@developer.gserviceaccount.com","automaticUpdatePolicy":{}},"serviceConfig":{"service":"projects/bell-operation/locations/us-central1/services/ssrbelloperation","timeoutSeconds":60,"environmentVariables":{"VERCEL_URL":"bell-operation.web.app","__FIREBASE_FRAMEWORKS_ENTRY__":"next.js","__FIREBASE_DEFAULTS__":"{\"config\":{\"projectId\":\"bell-operation\",\"appId\":\"1:593133920835:web:61f25b39170b2f62ce6af6\",\"storageBucket\":\"bell-operation.firebasestorage.app\",\"apiKey\":\"AIzaSyC3cAL9Qr3ke0pVsMENWQNp75OLFjECpxo\",\"authDomain\":\"bell-operation.firebaseapp.com\",\"messagingSenderId\":\"593133920835\",\"projectNumber\":\"593133920835\",\"version\":\"2\"},\"_authTokenSyncURL\":\"/__session\"}","FIREBASE_CONFIG":"{\"projectId\":\"bell-operation\",\"storageBucket\":\"bell-operation.firebasestorage.app\"}","GCLOUD_PROJECT":"bell-operation","EVENTARC_CLOUD_EVENT_SOURCE":"projects/bell-operation/locations/us-central1/services/ssrbelloperation","FUNCTION_TARGET":"ssrbelloperation","LOG_EXECUTION_ID":"true"},"ingressSettings":"ALLOW_ALL","uri":"https://ssrbelloperation-7tgdkyp2uq-uc.a.run.app","serviceAccountEmail":"593133920835-compute@developer.gserviceaccount.com","availableMemory":"256Mi","allTrafficOnLatestRevision":true,"revision":"ssrbelloperation-01148-lit","maxInstanceRequestConcurrency":80,"availableCpu":"1"},"state":"ACTIVE","labels":{"deployment-tool":"cloud-console","firebase-functions-codebase":"firebase-frameworks-bell-operation","firebase-functions-hash":"2d9db122ac328b191f12d22999ac795748acf622"},"environment":"GEN_2","url":"https://us-central1-bell-operation.cloudfunctions.net/ssrbelloperation","satisfiesPzi":true},"stages":[{"name":"BUILD","message":"Build in progress","state":"IN_PROGRESS","resource":"projects/593133920835/locations/us-central1/builds/5008a70e-3c8d-4300-bdc9-794ba2a453a7","resourceUri":"https://console.cloud.google.com/cloud-build/builds;region=us-central1/5008a70e-3c8d-4300-bdc9-794ba2a453a7?project=593133920835"},{"name":"SERVICE","state":"NOT_STARTED"}],"operationType":"UPDATE_FUNCTION","buildName":"projects/593133920835/locations/us-central1/builds/5008a70e-3c8d-4300-bdc9-794ba2a453a7"},"done":false}
[debug] [2026-08-23T11:13:03.724Z] [update-firebase-frameworks-bell-operation-us-central1-ssrbelloperation] Retrying task index 0
[debug] [2026-08-23T11:13:03.725Z] Checked if tokens are valid: true, expires at: 1787486565315
[debug] [2026-08-23T11:13:03.725Z] Checked if tokens are valid: true, expires at: 1787486565315
[debug] [2026-08-23T11:13:03.725Z] >>> [apiv2][query] GET https://cloudfunctions.googleapis.com/v2/projects/bell-operation/locations/us-central1/operations/operation-1787483505910-659b4ef69647a-773bf93b-760d9289 [none]
[debug] [2026-08-23T11:13:04.866Z] <<< [apiv2][status] GET https://cloudfunctions.googleapis.com/v2/projects/bell-operation/locations/us-central1/operations/operation-1787483505910-659b4ef69647a-773bf93b-760d9289 200
[debug] [2026-08-23T11:13:04.866Z] <<< [apiv2][body] GET https://cloudfunctions.googleapis.com/v2/projects/bell-operation/locations/us-central1/operations/operation-1787483505910-659b4ef69647a-773bf93b-760d9289 {"name":"projects/bell-operation/locations/us-central1/operations/operation-1787483505910-659b4ef69647a-773bf93b-760d9289","metadata":{"@type":"type.googleapis.com/google.cloud.functions.v2.OperationMetadata","createTime":"2026-08-23T11:11:47.008553372Z","target":"projects/bell-operation/locations/us-central1/functions/ssrbelloperation","verb":"update","cancelRequested":false,"apiVersion":"v2","requestResource":{"@type":"type.googleapis.com/google.cloud.functions.v2.Function","name":"projects/bell-operation/locations/us-central1/functions/ssrbelloperation","buildConfig":{"runtime":"nodejs24","entryPoint":"ssrbelloperation","source":{"storageSource":{"bucket":"gcf-v2-sources-593133920835-us-central1","object":"ssrbelloperation/function-source.zip","generation":"1787483506921641"}},"environmentVariables":{"GOOGLE_NODE_RUN_SCRIPTS":""},"dockerRepository":"projects/bell-operation/locations/us-central1/repositories/gcf-artifacts","sourceProvenance":{"resolvedStorageSource":{"bucket":"gcf-v2-sources-593133920835-us-central1","object":"ssrbelloperation/function-source.zip","generation":"1787483169334183"}},"dockerRegistry":"ARTIFACT_REGISTRY","serviceAccount":"projects/bell-operation/serviceAccounts/593133920835-compute@developer.gserviceaccount.com","automaticUpdatePolicy":{}},"serviceConfig":{"service":"projects/bell-operation/locations/us-central1/services/ssrbelloperation","timeoutSeconds":60,"environmentVariables":{"VERCEL_URL":"bell-operation.web.app","__FIREBASE_FRAMEWORKS_ENTRY__":"next.js","__FIREBASE_DEFAULTS__":"{\"config\":{\"projectId\":\"bell-operation\",\"appId\":\"1:593133920835:web:61f25b39170b2f62ce6af6\",\"storageBucket\":\"bell-operation.firebasestorage.app\",\"apiKey\":\"AIzaSyC3cAL9Qr3ke0pVsMENWQNp75OLFjECpxo\",\"authDomain\":\"bell-operation.firebaseapp.com\",\"messagingSenderId\":\"593133920835\",\"projectNumber\":\"593133920835\",\"version\":\"2\"},\"_authTokenSyncURL\":\"/__session\"}","FIREBASE_CONFIG":"{\"projectId\":\"bell-operation\",\"storageBucket\":\"bell-operation.firebasestorage.app\"}","GCLOUD_PROJECT":"bell-operation","EVENTARC_CLOUD_EVENT_SOURCE":"projects/bell-operation/locations/us-central1/services/ssrbelloperation","FUNCTION_TARGET":"ssrbelloperation","LOG_EXECUTION_ID":"true"},"ingressSettings":"ALLOW_ALL","uri":"https://ssrbelloperation-7tgdkyp2uq-uc.a.run.app","serviceAccountEmail":"593133920835-compute@developer.gserviceaccount.com","availableMemory":"256Mi","allTrafficOnLatestRevision":true,"revision":"ssrbelloperation-01148-lit","maxInstanceRequestConcurrency":80,"availableCpu":"1"},"state":"ACTIVE","labels":{"deployment-tool":"cloud-console","firebase-functions-codebase":"firebase-frameworks-bell-operation","firebase-functions-hash":"2d9db122ac328b191f12d22999ac795748acf622"},"environment":"GEN_2","url":"https://us-central1-bell-operation.cloudfunctions.net/ssrbelloperation","satisfiesPzi":true},"stages":[{"name":"BUILD","message":"Build in progress","state":"IN_PROGRESS","resource":"projects/593133920835/locations/us-central1/builds/5008a70e-3c8d-4300-bdc9-794ba2a453a7","resourceUri":"https://console.cloud.google.com/cloud-build/builds;region=us-central1/5008a70e-3c8d-4300-bdc9-794ba2a453a7?project=593133920835"},{"name":"SERVICE","state":"NOT_STARTED"}],"operationType":"UPDATE_FUNCTION","buildName":"projects/593133920835/locations/us-central1/builds/5008a70e-3c8d-4300-bdc9-794ba2a453a7"},"done":false}
[debug] [2026-08-23T11:13:14.881Z] [update-firebase-frameworks-bell-operation-us-central1-ssrbelloperation] Retrying task index 0
[debug] [2026-08-23T11:13:14.881Z] Checked if tokens are valid: true, expires at: 1787486565315
[debug] [2026-08-23T11:13:14.881Z] Checked if tokens are valid: true, expires at: 1787486565315
[debug] [2026-08-23T11:13:14.881Z] >>> [apiv2][query] GET https://cloudfunctions.googleapis.com/v2/projects/bell-operation/locations/us-central1/operations/operation-1787483505910-659b4ef69647a-773bf93b-760d9289 [none]
[debug] [2026-08-23T11:13:15.997Z] <<< [apiv2][status] GET https://cloudfunctions.googleapis.com/v2/projects/bell-operation/locations/us-central1/operations/operation-1787483505910-659b4ef69647a-773bf93b-760d9289 200
[debug] [2026-08-23T11:13:15.998Z] <<< [apiv2][body] GET https://cloudfunctions.googleapis.com/v2/projects/bell-operation/locations/us-central1/operations/operation-1787483505910-659b4ef69647a-773bf93b-760d9289 {"name":"projects/bell-operation/locations/us-central1/operations/operation-1787483505910-659b4ef69647a-773bf93b-760d9289","metadata":{"@type":"type.googleapis.com/google.cloud.functions.v2.OperationMetadata","createTime":"2026-08-23T11:11:47.008553372Z","target":"projects/bell-operation/locations/us-central1/functions/ssrbelloperation","verb":"update","cancelRequested":false,"apiVersion":"v2","requestResource":{"@type":"type.googleapis.com/google.cloud.functions.v2.Function","name":"projects/bell-operation/locations/us-central1/functions/ssrbelloperation","buildConfig":{"runtime":"nodejs24","entryPoint":"ssrbelloperation","source":{"storageSource":{"bucket":"gcf-v2-sources-593133920835-us-central1","object":"ssrbelloperation/function-source.zip","generation":"1787483506921641"}},"environmentVariables":{"GOOGLE_NODE_RUN_SCRIPTS":""},"dockerRepository":"projects/bell-operation/locations/us-central1/repositories/gcf-artifacts","sourceProvenance":{"resolvedStorageSource":{"bucket":"gcf-v2-sources-593133920835-us-central1","object":"ssrbelloperation/function-source.zip","generation":"1787483169334183"}},"dockerRegistry":"ARTIFACT_REGISTRY","serviceAccount":"projects/bell-operation/serviceAccounts/593133920835-compute@developer.gserviceaccount.com","automaticUpdatePolicy":{}},"serviceConfig":{"service":"projects/bell-operation/locations/us-central1/services/ssrbelloperation","timeoutSeconds":60,"environmentVariables":{"VERCEL_URL":"bell-operation.web.app","__FIREBASE_FRAMEWORKS_ENTRY__":"next.js","__FIREBASE_DEFAULTS__":"{\"config\":{\"projectId\":\"bell-operation\",\"appId\":\"1:593133920835:web:61f25b39170b2f62ce6af6\",\"storageBucket\":\"bell-operation.firebasestorage.app\",\"apiKey\":\"AIzaSyC3cAL9Qr3ke0pVsMENWQNp75OLFjECpxo\",\"authDomain\":\"bell-operation.firebaseapp.com\",\"messagingSenderId\":\"593133920835\",\"projectNumber\":\"593133920835\",\"version\":\"2\"},\"_authTokenSyncURL\":\"/__session\"}","FIREBASE_CONFIG":"{\"projectId\":\"bell-operation\",\"storageBucket\":\"bell-operation.firebasestorage.app\"}","GCLOUD_PROJECT":"bell-operation","EVENTARC_CLOUD_EVENT_SOURCE":"projects/bell-operation/locations/us-central1/services/ssrbelloperation","FUNCTION_TARGET":"ssrbelloperation","LOG_EXECUTION_ID":"true"},"ingressSettings":"ALLOW_ALL","uri":"https://ssrbelloperation-7tgdkyp2uq-uc.a.run.app","serviceAccountEmail":"593133920835-compute@developer.gserviceaccount.com","availableMemory":"256Mi","allTrafficOnLatestRevision":true,"revision":"ssrbelloperation-01148-lit","maxInstanceRequestConcurrency":80,"availableCpu":"1"},"state":"ACTIVE","labels":{"deployment-tool":"cloud-console","firebase-functions-codebase":"firebase-frameworks-bell-operation","firebase-functions-hash":"2d9db122ac328b191f12d22999ac795748acf622"},"environment":"GEN_2","url":"https://us-central1-bell-operation.cloudfunctions.net/ssrbelloperation","satisfiesPzi":true},"stages":[{"name":"BUILD","message":"Build in progress","state":"IN_PROGRESS","resource":"projects/593133920835/locations/us-central1/builds/5008a70e-3c8d-4300-bdc9-794ba2a453a7","resourceUri":"https://console.cloud.google.com/cloud-build/builds;region=us-central1/5008a70e-3c8d-4300-bdc9-794ba2a453a7?project=593133920835"},{"name":"SERVICE","state":"NOT_STARTED"}],"operationType":"UPDATE_FUNCTION","buildName":"projects/593133920835/locations/us-central1/builds/5008a70e-3c8d-4300-bdc9-794ba2a453a7"},"done":false}
[debug] [2026-08-23T11:13:26.004Z] [update-firebase-frameworks-bell-operation-us-central1-ssrbelloperation] Retrying task index 0
[debug] [2026-08-23T11:13:26.004Z] Checked if tokens are valid: true, expires at: 1787486565315
[debug] [2026-08-23T11:13:26.004Z] Checked if tokens are valid: true, expires at: 1787486565315
[debug] [2026-08-23T11:13:26.004Z] >>> [apiv2][query] GET https://cloudfunctions.googleapis.com/v2/projects/bell-operation/locations/us-central1/operations/operation-1787483505910-659b4ef69647a-773bf93b-760d9289 [none]
[debug] [2026-08-23T11:13:27.128Z] <<< [apiv2][status] GET https://cloudfunctions.googleapis.com/v2/projects/bell-operation/locations/us-central1/operations/operation-1787483505910-659b4ef69647a-773bf93b-760d9289 200
[debug] [2026-08-23T11:13:27.128Z] <<< [apiv2][body] GET https://cloudfunctions.googleapis.com/v2/projects/bell-operation/locations/us-central1/operations/operation-1787483505910-659b4ef69647a-773bf93b-760d9289 {"name":"projects/bell-operation/locations/us-central1/operations/operation-1787483505910-659b4ef69647a-773bf93b-760d9289","metadata":{"@type":"type.googleapis.com/google.cloud.functions.v2.OperationMetadata","createTime":"2026-08-23T11:11:47.008553372Z","target":"projects/bell-operation/locations/us-central1/functions/ssrbelloperation","verb":"update","cancelRequested":false,"apiVersion":"v2","requestResource":{"@type":"type.googleapis.com/google.cloud.functions.v2.Function","name":"projects/bell-operation/locations/us-central1/functions/ssrbelloperation","buildConfig":{"runtime":"nodejs24","entryPoint":"ssrbelloperation","source":{"storageSource":{"bucket":"gcf-v2-sources-593133920835-us-central1","object":"ssrbelloperation/function-source.zip","generation":"1787483506921641"}},"environmentVariables":{"GOOGLE_NODE_RUN_SCRIPTS":""},"dockerRepository":"projects/bell-operation/locations/us-central1/repositories/gcf-artifacts","sourceProvenance":{"resolvedStorageSource":{"bucket":"gcf-v2-sources-593133920835-us-central1","object":"ssrbelloperation/function-source.zip","generation":"1787483169334183"}},"dockerRegistry":"ARTIFACT_REGISTRY","serviceAccount":"projects/bell-operation/serviceAccounts/593133920835-compute@developer.gserviceaccount.com","automaticUpdatePolicy":{}},"serviceConfig":{"service":"projects/bell-operation/locations/us-central1/services/ssrbelloperation","timeoutSeconds":60,"environmentVariables":{"VERCEL_URL":"bell-operation.web.app","__FIREBASE_FRAMEWORKS_ENTRY__":"next.js","__FIREBASE_DEFAULTS__":"{\"config\":{\"projectId\":\"bell-operation\",\"appId\":\"1:593133920835:web:61f25b39170b2f62ce6af6\",\"storageBucket\":\"bell-operation.firebasestorage.app\",\"apiKey\":\"AIzaSyC3cAL9Qr3ke0pVsMENWQNp75OLFjECpxo\",\"authDomain\":\"bell-operation.firebaseapp.com\",\"messagingSenderId\":\"593133920835\",\"projectNumber\":\"593133920835\",\"version\":\"2\"},\"_authTokenSyncURL\":\"/__session\"}","FIREBASE_CONFIG":"{\"projectId\":\"bell-operation\",\"storageBucket\":\"bell-operation.firebasestorage.app\"}","GCLOUD_PROJECT":"bell-operation","EVENTARC_CLOUD_EVENT_SOURCE":"projects/bell-operation/locations/us-central1/services/ssrbelloperation","FUNCTION_TARGET":"ssrbelloperation","LOG_EXECUTION_ID":"true"},"ingressSettings":"ALLOW_ALL","uri":"https://ssrbelloperation-7tgdkyp2uq-uc.a.run.app","serviceAccountEmail":"593133920835-compute@developer.gserviceaccount.com","availableMemory":"256Mi","allTrafficOnLatestRevision":true,"revision":"ssrbelloperation-01148-lit","maxInstanceRequestConcurrency":80,"availableCpu":"1"},"state":"ACTIVE","labels":{"deployment-tool":"cloud-console","firebase-functions-codebase":"firebase-frameworks-bell-operation","firebase-functions-hash":"2d9db122ac328b191f12d22999ac795748acf622"},"environment":"GEN_2","url":"https://us-central1-bell-operation.cloudfunctions.net/ssrbelloperation","satisfiesPzi":true},"stages":[{"name":"BUILD","message":"Build in progress","state":"IN_PROGRESS","resource":"projects/593133920835/locations/us-central1/builds/5008a70e-3c8d-4300-bdc9-794ba2a453a7","resourceUri":"https://console.cloud.google.com/cloud-build/builds;region=us-central1/5008a70e-3c8d-4300-bdc9-794ba2a453a7?project=593133920835"},{"name":"SERVICE","state":"NOT_STARTED"}],"operationType":"UPDATE_FUNCTION","buildName":"projects/593133920835/locations/us-central1/builds/5008a70e-3c8d-4300-bdc9-794ba2a453a7"},"done":false}
[debug] [2026-08-23T11:13:37.130Z] [update-firebase-frameworks-bell-operation-us-central1-ssrbelloperation] Retrying task index 0
[debug] [2026-08-23T11:13:37.131Z] Checked if tokens are valid: true, expires at: 1787486565315
[debug] [2026-08-23T11:13:37.131Z] Checked if tokens are valid: true, expires at: 1787486565315
[debug] [2026-08-23T11:13:37.131Z] >>> [apiv2][query] GET https://cloudfunctions.googleapis.com/v2/projects/bell-operation/locations/us-central1/operations/operation-1787483505910-659b4ef69647a-773bf93b-760d9289 [none]
[debug] [2026-08-23T11:13:38.225Z] <<< [apiv2][status] GET https://cloudfunctions.googleapis.com/v2/projects/bell-operation/locations/us-central1/operations/operation-1787483505910-659b4ef69647a-773bf93b-760d9289 200
[debug] [2026-08-23T11:13:38.225Z] <<< [apiv2][body] GET https://cloudfunctions.googleapis.com/v2/projects/bell-operation/locations/us-central1/operations/operation-1787483505910-659b4ef69647a-773bf93b-760d9289 {"name":"projects/bell-operation/locations/us-central1/operations/operation-1787483505910-659b4ef69647a-773bf93b-760d9289","metadata":{"@type":"type.googleapis.com/google.cloud.functions.v2.OperationMetadata","createTime":"2026-08-23T11:11:47.008553372Z","target":"projects/bell-operation/locations/us-central1/functions/ssrbelloperation","verb":"update","cancelRequested":false,"apiVersion":"v2","requestResource":{"@type":"type.googleapis.com/google.cloud.functions.v2.Function","name":"projects/bell-operation/locations/us-central1/functions/ssrbelloperation","buildConfig":{"runtime":"nodejs24","entryPoint":"ssrbelloperation","source":{"storageSource":{"bucket":"gcf-v2-sources-593133920835-us-central1","object":"ssrbelloperation/function-source.zip","generation":"1787483506921641"}},"environmentVariables":{"GOOGLE_NODE_RUN_SCRIPTS":""},"dockerRepository":"projects/bell-operation/locations/us-central1/repositories/gcf-artifacts","sourceProvenance":{"resolvedStorageSource":{"bucket":"gcf-v2-sources-593133920835-us-central1","object":"ssrbelloperation/function-source.zip","generation":"1787483169334183"}},"dockerRegistry":"ARTIFACT_REGISTRY","serviceAccount":"projects/bell-operation/serviceAccounts/593133920835-compute@developer.gserviceaccount.com","automaticUpdatePolicy":{}},"serviceConfig":{"service":"projects/bell-operation/locations/us-central1/services/ssrbelloperation","timeoutSeconds":60,"environmentVariables":{"VERCEL_URL":"bell-operation.web.app","__FIREBASE_FRAMEWORKS_ENTRY__":"next.js","__FIREBASE_DEFAULTS__":"{\"config\":{\"projectId\":\"bell-operation\",\"appId\":\"1:593133920835:web:61f25b39170b2f62ce6af6\",\"storageBucket\":\"bell-operation.firebasestorage.app\",\"apiKey\":\"AIzaSyC3cAL9Qr3ke0pVsMENWQNp75OLFjECpxo\",\"authDomain\":\"bell-operation.firebaseapp.com\",\"messagingSenderId\":\"593133920835\",\"projectNumber\":\"593133920835\",\"version\":\"2\"},\"_authTokenSyncURL\":\"/__session\"}","FIREBASE_CONFIG":"{\"projectId\":\"bell-operation\",\"storageBucket\":\"bell-operation.firebasestorage.app\"}","GCLOUD_PROJECT":"bell-operation","EVENTARC_CLOUD_EVENT_SOURCE":"projects/bell-operation/locations/us-central1/services/ssrbelloperation","FUNCTION_TARGET":"ssrbelloperation","LOG_EXECUTION_ID":"true"},"ingressSettings":"ALLOW_ALL","uri":"https://ssrbelloperation-7tgdkyp2uq-uc.a.run.app","serviceAccountEmail":"593133920835-compute@developer.gserviceaccount.com","availableMemory":"256Mi","allTrafficOnLatestRevision":true,"revision":"ssrbelloperation-01148-lit","maxInstanceRequestConcurrency":80,"availableCpu":"1"},"state":"ACTIVE","labels":{"deployment-tool":"cloud-console","firebase-functions-codebase":"firebase-frameworks-bell-operation","firebase-functions-hash":"2d9db122ac328b191f12d22999ac795748acf622"},"environment":"GEN_2","url":"https://us-central1-bell-operation.cloudfunctions.net/ssrbelloperation","satisfiesPzi":true},"stages":[{"name":"BUILD","message":"Build in progress","state":"IN_PROGRESS","resource":"projects/593133920835/locations/us-central1/builds/5008a70e-3c8d-4300-bdc9-794ba2a453a7","resourceUri":"https://console.cloud.google.com/cloud-build/builds;region=us-central1/5008a70e-3c8d-4300-bdc9-794ba2a453a7?project=593133920835"},{"name":"SERVICE","state":"NOT_STARTED"}],"operationType":"UPDATE_FUNCTION","buildName":"projects/593133920835/locations/us-central1/builds/5008a70e-3c8d-4300-bdc9-794ba2a453a7"},"done":false}
[debug] [2026-08-23T11:13:48.235Z] [update-firebase-frameworks-bell-operation-us-central1-ssrbelloperation] Retrying task index 0
[debug] [2026-08-23T11:13:48.235Z] Checked if tokens are valid: true, expires at: 1787486565315
[debug] [2026-08-23T11:13:48.235Z] Checked if tokens are valid: true, expires at: 1787486565315
[debug] [2026-08-23T11:13:48.235Z] >>> [apiv2][query] GET https://cloudfunctions.googleapis.com/v2/projects/bell-operation/locations/us-central1/operations/operation-1787483505910-659b4ef69647a-773bf93b-760d9289 [none]
[debug] [2026-08-23T11:13:49.348Z] <<< [apiv2][status] GET https://cloudfunctions.googleapis.com/v2/projects/bell-operation/locations/us-central1/operations/operation-1787483505910-659b4ef69647a-773bf93b-760d9289 200
[debug] [2026-08-23T11:13:49.348Z] <<< [apiv2][body] GET https://cloudfunctions.googleapis.com/v2/projects/bell-operation/locations/us-central1/operations/operation-1787483505910-659b4ef69647a-773bf93b-760d9289 {"name":"projects/bell-operation/locations/us-central1/operations/operation-1787483505910-659b4ef69647a-773bf93b-760d9289","metadata":{"@type":"type.googleapis.com/google.cloud.functions.v2.OperationMetadata","createTime":"2026-08-23T11:11:47.008553372Z","target":"projects/bell-operation/locations/us-central1/functions/ssrbelloperation","verb":"update","cancelRequested":false,"apiVersion":"v2","requestResource":{"@type":"type.googleapis.com/google.cloud.functions.v2.Function","name":"projects/bell-operation/locations/us-central1/functions/ssrbelloperation","buildConfig":{"runtime":"nodejs24","entryPoint":"ssrbelloperation","source":{"storageSource":{"bucket":"gcf-v2-sources-593133920835-us-central1","object":"ssrbelloperation/function-source.zip","generation":"1787483506921641"}},"environmentVariables":{"GOOGLE_NODE_RUN_SCRIPTS":""},"dockerRepository":"projects/bell-operation/locations/us-central1/repositories/gcf-artifacts","sourceProvenance":{"resolvedStorageSource":{"bucket":"gcf-v2-sources-593133920835-us-central1","object":"ssrbelloperation/function-source.zip","generation":"1787483169334183"}},"dockerRegistry":"ARTIFACT_REGISTRY","serviceAccount":"projects/bell-operation/serviceAccounts/593133920835-compute@developer.gserviceaccount.com","automaticUpdatePolicy":{}},"serviceConfig":{"service":"projects/bell-operation/locations/us-central1/services/ssrbelloperation","timeoutSeconds":60,"environmentVariables":{"VERCEL_URL":"bell-operation.web.app","__FIREBASE_FRAMEWORKS_ENTRY__":"next.js","__FIREBASE_DEFAULTS__":"{\"config\":{\"projectId\":\"bell-operation\",\"appId\":\"1:593133920835:web:61f25b39170b2f62ce6af6\",\"storageBucket\":\"bell-operation.firebasestorage.app\",\"apiKey\":\"AIzaSyC3cAL9Qr3ke0pVsMENWQNp75OLFjECpxo\",\"authDomain\":\"bell-operation.firebaseapp.com\",\"messagingSenderId\":\"593133920835\",\"projectNumber\":\"593133920835\",\"version\":\"2\"},\"_authTokenSyncURL\":\"/__session\"}","FIREBASE_CONFIG":"{\"projectId\":\"bell-operation\",\"storageBucket\":\"bell-operation.firebasestorage.app\"}","GCLOUD_PROJECT":"bell-operation","EVENTARC_CLOUD_EVENT_SOURCE":"projects/bell-operation/locations/us-central1/services/ssrbelloperation","FUNCTION_TARGET":"ssrbelloperation","LOG_EXECUTION_ID":"true"},"ingressSettings":"ALLOW_ALL","uri":"https://ssrbelloperation-7tgdkyp2uq-uc.a.run.app","serviceAccountEmail":"593133920835-compute@developer.gserviceaccount.com","availableMemory":"256Mi","allTrafficOnLatestRevision":true,"revision":"ssrbelloperation-01148-lit","maxInstanceRequestConcurrency":80,"availableCpu":"1"},"state":"ACTIVE","labels":{"deployment-tool":"cloud-console","firebase-functions-codebase":"firebase-frameworks-bell-operation","firebase-functions-hash":"2d9db122ac328b191f12d22999ac795748acf622"},"environment":"GEN_2","url":"https://us-central1-bell-operation.cloudfunctions.net/ssrbelloperation","satisfiesPzi":true},"stages":[{"name":"BUILD","message":"Build in progress","state":"IN_PROGRESS","resource":"projects/593133920835/locations/us-central1/builds/5008a70e-3c8d-4300-bdc9-794ba2a453a7","resourceUri":"https://console.cloud.google.com/cloud-build/builds;region=us-central1/5008a70e-3c8d-4300-bdc9-794ba2a453a7?project=593133920835"},{"name":"SERVICE","state":"NOT_STARTED"}],"operationType":"UPDATE_FUNCTION","buildName":"projects/593133920835/locations/us-central1/builds/5008a70e-3c8d-4300-bdc9-794ba2a453a7"},"done":false}
[debug] [2026-08-23T11:13:59.358Z] [update-firebase-frameworks-bell-operation-us-central1-ssrbelloperation] Retrying task index 0
[debug] [2026-08-23T11:13:59.358Z] Checked if tokens are valid: true, expires at: 1787486565315
[debug] [2026-08-23T11:13:59.358Z] Checked if tokens are valid: true, expires at: 1787486565315
[debug] [2026-08-23T11:13:59.358Z] >>> [apiv2][query] GET https://cloudfunctions.googleapis.com/v2/projects/bell-operation/locations/us-central1/operations/operation-1787483505910-659b4ef69647a-773bf93b-760d9289 [none]
[debug] [2026-08-23T11:14:00.447Z] <<< [apiv2][status] GET https://cloudfunctions.googleapis.com/v2/projects/bell-operation/locations/us-central1/operations/operation-1787483505910-659b4ef69647a-773bf93b-760d9289 200
[debug] [2026-08-23T11:14:00.447Z] <<< [apiv2][body] GET https://cloudfunctions.googleapis.com/v2/projects/bell-operation/locations/us-central1/operations/operation-1787483505910-659b4ef69647a-773bf93b-760d9289 {"name":"projects/bell-operation/locations/us-central1/operations/operation-1787483505910-659b4ef69647a-773bf93b-760d9289","metadata":{"@type":"type.googleapis.com/google.cloud.functions.v2.OperationMetadata","createTime":"2026-08-23T11:11:47.008553372Z","target":"projects/bell-operation/locations/us-central1/functions/ssrbelloperation","verb":"update","cancelRequested":false,"apiVersion":"v2","requestResource":{"@type":"type.googleapis.com/google.cloud.functions.v2.Function","name":"projects/bell-operation/locations/us-central1/functions/ssrbelloperation","buildConfig":{"runtime":"nodejs24","entryPoint":"ssrbelloperation","source":{"storageSource":{"bucket":"gcf-v2-sources-593133920835-us-central1","object":"ssrbelloperation/function-source.zip","generation":"1787483506921641"}},"environmentVariables":{"GOOGLE_NODE_RUN_SCRIPTS":""},"dockerRepository":"projects/bell-operation/locations/us-central1/repositories/gcf-artifacts","sourceProvenance":{"resolvedStorageSource":{"bucket":"gcf-v2-sources-593133920835-us-central1","object":"ssrbelloperation/function-source.zip","generation":"1787483169334183"}},"dockerRegistry":"ARTIFACT_REGISTRY","serviceAccount":"projects/bell-operation/serviceAccounts/593133920835-compute@developer.gserviceaccount.com","automaticUpdatePolicy":{}},"serviceConfig":{"service":"projects/bell-operation/locations/us-central1/services/ssrbelloperation","timeoutSeconds":60,"environmentVariables":{"VERCEL_URL":"bell-operation.web.app","__FIREBASE_FRAMEWORKS_ENTRY__":"next.js","__FIREBASE_DEFAULTS__":"{\"config\":{\"projectId\":\"bell-operation\",\"appId\":\"1:593133920835:web:61f25b39170b2f62ce6af6\",\"storageBucket\":\"bell-operation.firebasestorage.app\",\"apiKey\":\"AIzaSyC3cAL9Qr3ke0pVsMENWQNp75OLFjECpxo\",\"authDomain\":\"bell-operation.firebaseapp.com\",\"messagingSenderId\":\"593133920835\",\"projectNumber\":\"593133920835\",\"version\":\"2\"},\"_authTokenSyncURL\":\"/__session\"}","FIREBASE_CONFIG":"{\"projectId\":\"bell-operation\",\"storageBucket\":\"bell-operation.firebasestorage.app\"}","GCLOUD_PROJECT":"bell-operation","EVENTARC_CLOUD_EVENT_SOURCE":"projects/bell-operation/locations/us-central1/services/ssrbelloperation","FUNCTION_TARGET":"ssrbelloperation","LOG_EXECUTION_ID":"true"},"ingressSettings":"ALLOW_ALL","uri":"https://ssrbelloperation-7tgdkyp2uq-uc.a.run.app","serviceAccountEmail":"593133920835-compute@developer.gserviceaccount.com","availableMemory":"256Mi","allTrafficOnLatestRevision":true,"revision":"ssrbelloperation-01148-lit","maxInstanceRequestConcurrency":80,"availableCpu":"1"},"state":"ACTIVE","labels":{"deployment-tool":"cloud-console","firebase-functions-codebase":"firebase-frameworks-bell-operation","firebase-functions-hash":"2d9db122ac328b191f12d22999ac795748acf622"},"environment":"GEN_2","url":"https://us-central1-bell-operation.cloudfunctions.net/ssrbelloperation","satisfiesPzi":true},"stages":[{"name":"BUILD","message":"Build finished","state":"COMPLETE","resource":"projects/593133920835/locations/us-central1/builds/5008a70e-3c8d-4300-bdc9-794ba2a453a7","resourceUri":"https://console.cloud.google.com/cloud-build/builds;region=us-central1/5008a70e-3c8d-4300-bdc9-794ba2a453a7?project=593133920835"},{"name":"SERVICE","message":"Updating Cloud Run service","state":"IN_PROGRESS","resource":"projects/bell-operation/locations/us-central1/services/ssrbelloperation","resourceUri":"https://console.cloud.google.com/run/detail/us-central1/ssrbelloperation?project=bell-operation","stateMessages":[{"severity":"INFO","type":"CloudRunServiceNewRevisionTrafficInfo","message":"A new revision will be deployed serving with 100% traffic."}]}],"sourceToken":"Cldwcm9qZWN0cy81OTMxMzM5MjA4MzUvbG9jYXRpb25zL3VzLWNlbnRyYWwxL2J1aWxkcy81MDA4YTcwZS0zYzhkLTQzMDAtYmRjOS03OTRiYTJhNDUzYTcScXVzLWNlbnRyYWwxLWRvY2tlci5wa2cuZGV2L2JlbGwtb3BlcmF0aW9uL2djZi1hcnRpZmFjdHMvYmVsbC0tb3BlcmF0aW9uX191cy0tY2VudHJhbDFfX3NzcmJlbGxvcGVyYXRpb246dmVyc2lvbl8xGMPEpcyhESJIcHJvamVjdHMvYmVsbC1vcGVyYXRpb24vbG9jYXRpb25zL3VzLWNlbnRyYWwxL2Z1bmN0aW9ucy9zc3JiZWxsb3BlcmF0aW9uKgsI7qur1AYQ2P6/YDIIbm9kZWpzMjQ6dgojZ2NyLmlvL2dhZS1ydW50aW1lcy9ub2RlanMyNDpzdGFibGUST3VzLWNlbnRyYWwxLWRvY2tlci5wa2cuZGV2L3NlcnZlcmxlc3MtcnVudGltZXMvZ29vZ2xlLTI0LWZ1bGwvcnVudGltZXMvbm9kZWpzMjRAAQ==","operationType":"UPDATE_FUNCTION","buildName":"projects/593133920835/locations/us-central1/builds/5008a70e-3c8d-4300-bdc9-794ba2a453a7"},"done":false}
[debug] [2026-08-23T11:14:00.447Z] Got source token Cldwcm9qZWN0cy81OTMxMzM5MjA4MzUvbG9jYXRpb25zL3VzLWNlbnRyYWwxL2J1aWxkcy81MDA4YTcwZS0zYzhkLTQzMDAtYmRjOS03OTRiYTJhNDUzYTcScXVzLWNlbnRyYWwxLWRvY2tlci5wa2cuZGV2L2JlbGwtb3BlcmF0aW9uL2djZi1hcnRpZmFjdHMvYmVsbC0tb3BlcmF0aW9uX191cy0tY2VudHJhbDFfX3NzcmJlbGxvcGVyYXRpb246dmVyc2lvbl8xGMPEpcyhESJIcHJvamVjdHMvYmVsbC1vcGVyYXRpb24vbG9jYXRpb25zL3VzLWNlbnRyYWwxL2Z1bmN0aW9ucy9zc3JiZWxsb3BlcmF0aW9uKgsI7qur1AYQ2P6/YDIIbm9kZWpzMjQ6dgojZ2NyLmlvL2dhZS1ydW50aW1lcy9ub2RlanMyNDpzdGFibGUST3VzLWNlbnRyYWwxLWRvY2tlci5wa2cuZGV2L3NlcnZlcmxlc3MtcnVudGltZXMvZ29vZ2xlLTI0LWZ1bGwvcnVudGltZXMvbm9kZWpzMjRAAQ== for region us-central1
[debug] [2026-08-23T11:14:10.454Z] [update-firebase-frameworks-bell-operation-us-central1-ssrbelloperation] Retrying task index 0
[debug] [2026-08-23T11:14:10.454Z] Checked if tokens are valid: true, expires at: 1787486565315
[debug] [2026-08-23T11:14:10.454Z] Checked if tokens are valid: true, expires at: 1787486565315
[debug] [2026-08-23T11:14:10.454Z] >>> [apiv2][query] GET https://cloudfunctions.googleapis.com/v2/projects/bell-operation/locations/us-central1/operations/operation-1787483505910-659b4ef69647a-773bf93b-760d9289 [none]
[debug] [2026-08-23T11:14:11.620Z] <<< [apiv2][status] GET https://cloudfunctions.googleapis.com/v2/projects/bell-operation/locations/us-central1/operations/operation-1787483505910-659b4ef69647a-773bf93b-760d9289 200
[debug] [2026-08-23T11:14:11.620Z] <<< [apiv2][body] GET https://cloudfunctions.googleapis.com/v2/projects/bell-operation/locations/us-central1/operations/operation-1787483505910-659b4ef69647a-773bf93b-760d9289 {"name":"projects/bell-operation/locations/us-central1/operations/operation-1787483505910-659b4ef69647a-773bf93b-760d9289","metadata":{"@type":"type.googleapis.com/google.cloud.functions.v2.OperationMetadata","createTime":"2026-08-23T11:11:47.008553372Z","target":"projects/bell-operation/locations/us-central1/functions/ssrbelloperation","verb":"update","cancelRequested":false,"apiVersion":"v2","requestResource":{"@type":"type.googleapis.com/google.cloud.functions.v2.Function","name":"projects/bell-operation/locations/us-central1/functions/ssrbelloperation","buildConfig":{"runtime":"nodejs24","entryPoint":"ssrbelloperation","source":{"storageSource":{"bucket":"gcf-v2-sources-593133920835-us-central1","object":"ssrbelloperation/function-source.zip","generation":"1787483506921641"}},"environmentVariables":{"GOOGLE_NODE_RUN_SCRIPTS":""},"dockerRepository":"projects/bell-operation/locations/us-central1/repositories/gcf-artifacts","sourceProvenance":{"resolvedStorageSource":{"bucket":"gcf-v2-sources-593133920835-us-central1","object":"ssrbelloperation/function-source.zip","generation":"1787483169334183"}},"dockerRegistry":"ARTIFACT_REGISTRY","serviceAccount":"projects/bell-operation/serviceAccounts/593133920835-compute@developer.gserviceaccount.com","automaticUpdatePolicy":{}},"serviceConfig":{"service":"projects/bell-operation/locations/us-central1/services/ssrbelloperation","timeoutSeconds":60,"environmentVariables":{"VERCEL_URL":"bell-operation.web.app","__FIREBASE_FRAMEWORKS_ENTRY__":"next.js","__FIREBASE_DEFAULTS__":"{\"config\":{\"projectId\":\"bell-operation\",\"appId\":\"1:593133920835:web:61f25b39170b2f62ce6af6\",\"storageBucket\":\"bell-operation.firebasestorage.app\",\"apiKey\":\"AIzaSyC3cAL9Qr3ke0pVsMENWQNp75OLFjECpxo\",\"authDomain\":\"bell-operation.firebaseapp.com\",\"messagingSenderId\":\"593133920835\",\"projectNumber\":\"593133920835\",\"version\":\"2\"},\"_authTokenSyncURL\":\"/__session\"}","FIREBASE_CONFIG":"{\"projectId\":\"bell-operation\",\"storageBucket\":\"bell-operation.firebasestorage.app\"}","GCLOUD_PROJECT":"bell-operation","EVENTARC_CLOUD_EVENT_SOURCE":"projects/bell-operation/locations/us-central1/services/ssrbelloperation","FUNCTION_TARGET":"ssrbelloperation","LOG_EXECUTION_ID":"true"},"ingressSettings":"ALLOW_ALL","uri":"https://ssrbelloperation-7tgdkyp2uq-uc.a.run.app","serviceAccountEmail":"593133920835-compute@developer.gserviceaccount.com","availableMemory":"256Mi","allTrafficOnLatestRevision":true,"revision":"ssrbelloperation-01148-lit","maxInstanceRequestConcurrency":80,"availableCpu":"1"},"state":"ACTIVE","labels":{"deployment-tool":"cloud-console","firebase-functions-codebase":"firebase-frameworks-bell-operation","firebase-functions-hash":"2d9db122ac328b191f12d22999ac795748acf622"},"environment":"GEN_2","url":"https://us-central1-bell-operation.cloudfunctions.net/ssrbelloperation","satisfiesPzi":true},"stages":[{"name":"BUILD","message":"Build finished","state":"COMPLETE","resource":"projects/593133920835/locations/us-central1/builds/5008a70e-3c8d-4300-bdc9-794ba2a453a7","resourceUri":"https://console.cloud.google.com/cloud-build/builds;region=us-central1/5008a70e-3c8d-4300-bdc9-794ba2a453a7?project=593133920835"},{"name":"SERVICE","message":"Updating Cloud Run service","state":"IN_PROGRESS","resource":"projects/bell-operation/locations/us-central1/services/ssrbelloperation","resourceUri":"https://console.cloud.google.com/run/detail/us-central1/ssrbelloperation?project=bell-operation","stateMessages":[{"severity":"INFO","type":"CloudRunServiceNewRevisionTrafficInfo","message":"A new revision will be deployed serving with 100% traffic."}]}],"sourceToken":"Cldwcm9qZWN0cy81OTMxMzM5MjA4MzUvbG9jYXRpb25zL3VzLWNlbnRyYWwxL2J1aWxkcy81MDA4YTcwZS0zYzhkLTQzMDAtYmRjOS03OTRiYTJhNDUzYTcScXVzLWNlbnRyYWwxLWRvY2tlci5wa2cuZGV2L2JlbGwtb3BlcmF0aW9uL2djZi1hcnRpZmFjdHMvYmVsbC0tb3BlcmF0aW9uX191cy0tY2VudHJhbDFfX3NzcmJlbGxvcGVyYXRpb246dmVyc2lvbl8xGMPEpcyhESJIcHJvamVjdHMvYmVsbC1vcGVyYXRpb24vbG9jYXRpb25zL3VzLWNlbnRyYWwxL2Z1bmN0aW9ucy9zc3JiZWxsb3BlcmF0aW9uKgsI7qur1AYQ2P6/YDIIbm9kZWpzMjQ6dgojZ2NyLmlvL2dhZS1ydW50aW1lcy9ub2RlanMyNDpzdGFibGUST3VzLWNlbnRyYWwxLWRvY2tlci5wa2cuZGV2L3NlcnZlcmxlc3MtcnVudGltZXMvZ29vZ2xlLTI0LWZ1bGwvcnVudGltZXMvbm9kZWpzMjRAAQ==","operationType":"UPDATE_FUNCTION","buildName":"projects/593133920835/locations/us-central1/builds/5008a70e-3c8d-4300-bdc9-794ba2a453a7"},"done":false}
[debug] [2026-08-23T11:14:11.620Z] Got source token Cldwcm9qZWN0cy81OTMxMzM5MjA4MzUvbG9jYXRpb25zL3VzLWNlbnRyYWwxL2J1aWxkcy81MDA4YTcwZS0zYzhkLTQzMDAtYmRjOS03OTRiYTJhNDUzYTcScXVzLWNlbnRyYWwxLWRvY2tlci5wa2cuZGV2L2JlbGwtb3BlcmF0aW9uL2djZi1hcnRpZmFjdHMvYmVsbC0tb3BlcmF0aW9uX191cy0tY2VudHJhbDFfX3NzcmJlbGxvcGVyYXRpb246dmVyc2lvbl8xGMPEpcyhESJIcHJvamVjdHMvYmVsbC1vcGVyYXRpb24vbG9jYXRpb25zL3VzLWNlbnRyYWwxL2Z1bmN0aW9ucy9zc3JiZWxsb3BlcmF0aW9uKgsI7qur1AYQ2P6/YDIIbm9kZWpzMjQ6dgojZ2NyLmlvL2dhZS1ydW50aW1lcy9ub2RlanMyNDpzdGFibGUST3VzLWNlbnRyYWwxLWRvY2tlci5wa2cuZGV2L3NlcnZlcmxlc3MtcnVudGltZXMvZ29vZ2xlLTI0LWZ1bGwvcnVudGltZXMvbm9kZWpzMjRAAQ== for region us-central1
[debug] [2026-08-23T11:14:21.633Z] [update-firebase-frameworks-bell-operation-us-central1-ssrbelloperation] Retrying task index 0
[debug] [2026-08-23T11:14:21.633Z] Checked if tokens are valid: true, expires at: 1787486565315
[debug] [2026-08-23T11:14:21.633Z] Checked if tokens are valid: true, expires at: 1787486565315
[debug] [2026-08-23T11:14:21.633Z] >>> [apiv2][query] GET https://cloudfunctions.googleapis.com/v2/projects/bell-operation/locations/us-central1/operations/operation-1787483505910-659b4ef69647a-773bf93b-760d9289 [none]
[debug] [2026-08-23T11:14:22.746Z] <<< [apiv2][status] GET https://cloudfunctions.googleapis.com/v2/projects/bell-operation/locations/us-central1/operations/operation-1787483505910-659b4ef69647a-773bf93b-760d9289 200
[debug] [2026-08-23T11:14:22.746Z] <<< [apiv2][body] GET https://cloudfunctions.googleapis.com/v2/projects/bell-operation/locations/us-central1/operations/operation-1787483505910-659b4ef69647a-773bf93b-760d9289 {"name":"projects/bell-operation/locations/us-central1/operations/operation-1787483505910-659b4ef69647a-773bf93b-760d9289","metadata":{"@type":"type.googleapis.com/google.cloud.functions.v2.OperationMetadata","createTime":"2026-08-23T11:11:47.008553372Z","target":"projects/bell-operation/locations/us-central1/functions/ssrbelloperation","verb":"update","cancelRequested":false,"apiVersion":"v2","requestResource":{"@type":"type.googleapis.com/google.cloud.functions.v2.Function","name":"projects/bell-operation/locations/us-central1/functions/ssrbelloperation","buildConfig":{"runtime":"nodejs24","entryPoint":"ssrbelloperation","source":{"storageSource":{"bucket":"gcf-v2-sources-593133920835-us-central1","object":"ssrbelloperation/function-source.zip","generation":"1787483506921641"}},"environmentVariables":{"GOOGLE_NODE_RUN_SCRIPTS":""},"dockerRepository":"projects/bell-operation/locations/us-central1/repositories/gcf-artifacts","sourceProvenance":{"resolvedStorageSource":{"bucket":"gcf-v2-sources-593133920835-us-central1","object":"ssrbelloperation/function-source.zip","generation":"1787483169334183"}},"dockerRegistry":"ARTIFACT_REGISTRY","serviceAccount":"projects/bell-operation/serviceAccounts/593133920835-compute@developer.gserviceaccount.com","automaticUpdatePolicy":{}},"serviceConfig":{"service":"projects/bell-operation/locations/us-central1/services/ssrbelloperation","timeoutSeconds":60,"environmentVariables":{"VERCEL_URL":"bell-operation.web.app","__FIREBASE_FRAMEWORKS_ENTRY__":"next.js","__FIREBASE_DEFAULTS__":"{\"config\":{\"projectId\":\"bell-operation\",\"appId\":\"1:593133920835:web:61f25b39170b2f62ce6af6\",\"storageBucket\":\"bell-operation.firebasestorage.app\",\"apiKey\":\"AIzaSyC3cAL9Qr3ke0pVsMENWQNp75OLFjECpxo\",\"authDomain\":\"bell-operation.firebaseapp.com\",\"messagingSenderId\":\"593133920835\",\"projectNumber\":\"593133920835\",\"version\":\"2\"},\"_authTokenSyncURL\":\"/__session\"}","FIREBASE_CONFIG":"{\"projectId\":\"bell-operation\",\"storageBucket\":\"bell-operation.firebasestorage.app\"}","GCLOUD_PROJECT":"bell-operation","EVENTARC_CLOUD_EVENT_SOURCE":"projects/bell-operation/locations/us-central1/services/ssrbelloperation","FUNCTION_TARGET":"ssrbelloperation","LOG_EXECUTION_ID":"true"},"ingressSettings":"ALLOW_ALL","uri":"https://ssrbelloperation-7tgdkyp2uq-uc.a.run.app","serviceAccountEmail":"593133920835-compute@developer.gserviceaccount.com","availableMemory":"256Mi","allTrafficOnLatestRevision":true,"revision":"ssrbelloperation-01148-lit","maxInstanceRequestConcurrency":80,"availableCpu":"1"},"state":"ACTIVE","labels":{"deployment-tool":"cloud-console","firebase-functions-codebase":"firebase-frameworks-bell-operation","firebase-functions-hash":"2d9db122ac328b191f12d22999ac795748acf622"},"environment":"GEN_2","url":"https://us-central1-bell-operation.cloudfunctions.net/ssrbelloperation","satisfiesPzi":true},"stages":[{"name":"BUILD","message":"Build finished","state":"COMPLETE","resource":"projects/593133920835/locations/us-central1/builds/5008a70e-3c8d-4300-bdc9-794ba2a453a7","resourceUri":"https://console.cloud.google.com/cloud-build/builds;region=us-central1/5008a70e-3c8d-4300-bdc9-794ba2a453a7?project=593133920835"},{"name":"SERVICE","message":"Updating Cloud Run service","state":"IN_PROGRESS","resource":"projects/bell-operation/locations/us-central1/services/ssrbelloperation","resourceUri":"https://console.cloud.google.com/run/detail/us-central1/ssrbelloperation?project=bell-operation","stateMessages":[{"severity":"INFO","type":"CloudRunServiceNewRevisionTrafficInfo","message":"A new revision will be deployed serving with 100% traffic."}]}],"sourceToken":"Cldwcm9qZWN0cy81OTMxMzM5MjA4MzUvbG9jYXRpb25zL3VzLWNlbnRyYWwxL2J1aWxkcy81MDA4YTcwZS0zYzhkLTQzMDAtYmRjOS03OTRiYTJhNDUzYTcScXVzLWNlbnRyYWwxLWRvY2tlci5wa2cuZGV2L2JlbGwtb3BlcmF0aW9uL2djZi1hcnRpZmFjdHMvYmVsbC0tb3BlcmF0aW9uX191cy0tY2VudHJhbDFfX3NzcmJlbGxvcGVyYXRpb246dmVyc2lvbl8xGMPEpcyhESJIcHJvamVjdHMvYmVsbC1vcGVyYXRpb24vbG9jYXRpb25zL3VzLWNlbnRyYWwxL2Z1bmN0aW9ucy9zc3JiZWxsb3BlcmF0aW9uKgsI7qur1AYQ2P6/YDIIbm9kZWpzMjQ6dgojZ2NyLmlvL2dhZS1ydW50aW1lcy9ub2RlanMyNDpzdGFibGUST3VzLWNlbnRyYWwxLWRvY2tlci5wa2cuZGV2L3NlcnZlcmxlc3MtcnVudGltZXMvZ29vZ2xlLTI0LWZ1bGwvcnVudGltZXMvbm9kZWpzMjRAAQ==","operationType":"UPDATE_FUNCTION","buildName":"projects/593133920835/locations/us-central1/builds/5008a70e-3c8d-4300-bdc9-794ba2a453a7"},"done":false}
[debug] [2026-08-23T11:14:22.746Z] Got source token Cldwcm9qZWN0cy81OTMxMzM5MjA4MzUvbG9jYXRpb25zL3VzLWNlbnRyYWwxL2J1aWxkcy81MDA4YTcwZS0zYzhkLTQzMDAtYmRjOS03OTRiYTJhNDUzYTcScXVzLWNlbnRyYWwxLWRvY2tlci5wa2cuZGV2L2JlbGwtb3BlcmF0aW9uL2djZi1hcnRpZmFjdHMvYmVsbC0tb3BlcmF0aW9uX191cy0tY2VudHJhbDFfX3NzcmJlbGxvcGVyYXRpb246dmVyc2lvbl8xGMPEpcyhESJIcHJvamVjdHMvYmVsbC1vcGVyYXRpb24vbG9jYXRpb25zL3VzLWNlbnRyYWwxL2Z1bmN0aW9ucy9zc3JiZWxsb3BlcmF0aW9uKgsI7qur1AYQ2P6/YDIIbm9kZWpzMjQ6dgojZ2NyLmlvL2dhZS1ydW50aW1lcy9ub2RlanMyNDpzdGFibGUST3VzLWNlbnRyYWwxLWRvY2tlci5wa2cuZGV2L3NlcnZlcmxlc3MtcnVudGltZXMvZ29vZ2xlLTI0LWZ1bGwvcnVudGltZXMvbm9kZWpzMjRAAQ== for region us-central1
